Ident;Nom;Prenom;Specialité;Telephone;Employe;Indisponibilite;;;
C000001;Dupont;Pierre;#peinture, sculture#;0600000000;oui;16/10/2024;16/10/2024;;
C000002;Lexpert;Noemie;#peinture, impressionnisme, art contemporain#;0600000001;oui;22/10/2024;26/10/2024;;
C000003;Dujardin;Océane;#art moderne#;0611111111;oui;07/11/2024;07/11/2024;19/11/2024;22/11/2024
C000004;Durand;Bill;#photo#;0622222222;oui;;;;
C000005;Dupont;Max;#photo, peinture#;0633333333;oui;;;;
C000006;Martin;Martin;#peinture, sculture#;0606060606;non;18/10/2024;18/10/2024;;
C000007;Legrand;Jean-Pierre;#art moderne, peinture#;0600000002;non;18/12/2024;18/12/2024;;
C000008;Deneuve;Zoé;#photo, peinture#;0600000003;non;;;;
C000009;Ethan;Thomas;#photo, peinture#;0600000004;non;18/12/2024;18/12/2024;;
C000010;Ethan;Prevost;#photo, peinture#;0600000005;non;18/12/2024;18/12/2024;;
C000011;Romane;Roy;#photo, peinture#;0600000006;non;18/12/2024;18/12/2024;;
C000012;Audrey;Roux;#photo, peinture#;0600000007;non;18/12/2024;18/12/2024;;
C000013;Jules;Bertrand;#photo, peinture#;0600000008;non;18/12/2024;18/12/2024;;
C000014;Julien;Simon;#photo, peinture#;0600000009;non;18/12/2024;18/12/2024;;
C000015;Pierre;Faure;#photo, peinture#;0600000010;non;18/12/2024;18/12/2024;;
C000016;Léa;Blanchard;#photo, peinture#;0600000011;non;18/12/2024;18/12/2024;;
C000017;Maxime;Marchand;#photo, peinture#;0600000012;non;18/12/2024;18/12/2024;;
C000018;Nicolas;Prevost;#photo, peinture#;0600000013;non;18/12/2024;18/12/2024;;
C000019;Hugo;Martinez;#photo, peinture#;0600000014;non;18/12/2024;18/12/2024;;
C000020;Anouk;Pires;#photo, peinture#;0600000015;non;18/12/2024;18/12/2024;;
C000021;Olivier;Page;#photo, peinture#;0600000016;non;18/12/2024;18/12/2024;;
C000022;David;Brunet;#photo, peinture#;0600000017;non;18/12/2024;18/12/2024;;
C000023;Simon;François;#photo, peinture#;0600000018;non;18/12/2024;18/12/2024;;
C000024;Victoria;André;#photo, peinture#;0600000019;non;18/12/2024;18/12/2024;;
C000025;Sandra;Faure;#photo, peinture#;0600000020;non;18/12/2024;18/12/2024;;
C000026;Louis;Garnier;#photo, peinture#;0600000021;non;18/12/2024;18/12/2024;;
C000027;Timéo;Brunel;#photo, peinture#;0600000022;non;18/12/2024;18/12/2024;;
C000028;David;Moreau;#photo, peinture#;0600000023;non;18/12/2024;18/12/2024;;
C000029;Martin;Moulin;#photo, peinture#;0600000024;non;18/12/2024;18/12/2024;;
C000030;Pierre;Rey;#photo, peinture#;0600000025;non;18/12/2024;18/12/2024;;
C000031;Juliette;Lefebvre;#photo, peinture#;0600000026;non;18/12/2024;18/12/2024;;
C000032;Clara;Robert;#photo, peinture#;0600000027;non;18/12/2024;18/12/2024;;
C000033;Jonathan;Lebrun;#photo, peinture#;0600000028;non;18/12/2024;18/12/2024;;
C000034;Nathan;Barbier;#photo, peinture#;0600000029;non;18/12/2024;18/12/2024;;
C000035;Charlotte;Dupuis;#photo, peinture#;0600000030;non;18/12/2024;18/12/2024;;
C000036;Enzo;Richard;#photo, peinture#;0600000031;non;18/12/2024;18/12/2024;;
C000037;Emma;Dufour;#photo, peinture#;0600000032;non;18/12/2024;18/12/2024;;
C000038;Florian;Pelletier;#photo, peinture#;0600000033;non;18/12/2024;18/12/2024;;
C000039;Corentin;Blanc;#photo, peinture#;0600000034;non;18/12/2024;18/12/2024;;
C000040;Kevin;Barbier;#photo, peinture#;0600000035;non;18/12/2024;18/12/2024;;
C000041;Audrey;Garcia;#photo, peinture#;0600000036;non;18/12/2024;18/12/2024;;
C000042;Thomas;Gautier;#photo, peinture#;0600000037;non;18/12/2024;18/12/2024;;
C000043;Yannis;Mathieu;#photo, peinture#;0600000038;non;18/12/2024;18/12/2024;;
C000044;Léa;Boyer;#photo, peinture#;0600000039;non;18/12/2024;18/12/2024;;
C000045;Timéo;Nguyen;#photo, peinture#;0600000040;non;18/12/2024;18/12/2024;;
C000046;Noémie;Robert;#photo, peinture#;0600000041;non;18/12/2024;18/12/2024;;
C000047;Jules;Dufour;#photo, peinture#;0600000042;non;18/12/2024;18/12/2024;;
C000048;Jérémy;Moulin;#photo, peinture#;0600000043;non;18/12/2024;18/12/2024;;
C000049;Esteban;Roy;#photo, peinture#;0600000044;non;18/12/2024;18/12/2024;;
C000050;Élise;Alexandre;#photo, peinture#;0600000045;non;18/12/2024;18/12/2024;;
C000051;Jules;Page;#photo, peinture#;0600000046;non;18/12/2024;18/12/2024;;
C000052;Pierre;Renard;#photo, peinture#;0600000047;non;18/12/2024;18/12/2024;;
C000053;Baptiste;Lambert;#photo, peinture#;0600000048;non;18/12/2024;18/12/2024;;
C000054;Lucas;Lambert;#photo, peinture#;0600000049;non;18/12/2024;18/12/2024;;
C000055;Camille;Gautier;#photo, peinture#;0600000050;non;18/12/2024;18/12/2024;;
C000056;Zoé;Legrand;#photo, peinture#;0600000051;non;18/12/2024;18/12/2024;;
C000057;Jade;Gautier;#photo, peinture#;0600000052;non;18/12/2024;18/12/2024;;
C000058;Emma;Nguyen;#photo, peinture#;0600000053;non;18/12/2024;18/12/2024;;
C000059;Tristan;Fernandez;#photo, peinture#;0600000054;non;18/12/2024;18/12/2024;;
C000060;Jeanne;Marchand;#photo, peinture#;0600000055;non;18/12/2024;18/12/2024;;
C000061;Félix;Michel;#photo, peinture#;0600000056;non;18/12/2024;18/12/2024;;
C000062;Emma;Moreau;#photo, peinture#;0600000057;non;18/12/2024;18/12/2024;;
C000063;Alice;Giraud;#photo, peinture#;0600000058;non;18/12/2024;18/12/2024;;
C000064;Anaïs;Masson;#photo, peinture#;0600000059;non;18/12/2024;18/12/2024;;
C000065;Anouk;Brunel;#photo, peinture#;0600000060;non;18/12/2024;18/12/2024;;
C000066;Loïc;Fernandez;#photo, peinture#;0600000061;non;18/12/2024;18/12/2024;;
C000067;Camille;Bouvier;#photo, peinture#;0600000062;non;18/12/2024;18/12/2024;;
C000068;Jonathan;Denis;#photo, peinture#;0600000063;non;18/12/2024;18/12/2024;;
C000069;Audrey;Olivier;#photo, peinture#;0600000064;non;18/12/2024;18/12/2024;;
C000070;Amélie;Dupont;#photo, peinture#;0600000065;non;18/12/2024;18/12/2024;;
C000071;Juliette;Gillet;#photo, peinture#;0600000066;non;18/12/2024;18/12/2024;;
C000072;Louis;Olivier;#photo, peinture#;0600000067;non;18/12/2024;18/12/2024;;
C000073;Simon;Schmitt;#photo, peinture#;0600000068;non;18/12/2024;18/12/2024;;
C000074;Carla;Laurent;#photo, peinture#;0600000069;non;18/12/2024;18/12/2024;;
C000075;Baptiste;Pelletier;#photo, peinture#;0600000070;non;18/12/2024;18/12/2024;;
C000076;Élodie;Meyer;#photo, peinture#;0600000071;non;18/12/2024;18/12/2024;;
C000077;Fabien;Dubois;#photo, peinture#;0600000072;non;18/12/2024;18/12/2024;;
C000078;Hugo;Nguyen;#photo, peinture#;0600000073;non;18/12/2024;18/12/2024;;
C000079;Pauline;Robin;#photo, peinture#;0600000074;non;18/12/2024;18/12/2024;;
C000080;Léon;Fournier;#photo, peinture#;0600000075;non;18/12/2024;18/12/2024;;
C000081;Arnaud;Daniel;#photo, peinture#;0600000076;non;18/12/2024;18/12/2024;;
C000082;Louis;Brunet;#photo, peinture#;0600000077;non;18/12/2024;18/12/2024;;
C000083;Maxime;Colin;#photo, peinture#;0600000078;non;18/12/2024;18/12/2024;;
C000084;Amélie;Jacob;#photo, peinture#;0600000079;non;18/12/2024;18/12/2024;;
C000085;Valentin;Brunet;#photo, peinture#;0600000080;non;18/12/2024;18/12/2024;;
C000086;Romain;Masson;#photo, peinture#;0600000081;non;18/12/2024;18/12/2024;;
C000087;Quentin;Renaud;#photo, peinture#;0600000082;non;18/12/2024;18/12/2024;;
C000088;Antoine;Leclerc;#photo, peinture#;0600000083;non;18/12/2024;18/12/2024;;
C000089;Léo;Lopez;#photo, peinture#;0600000084;non;18/12/2024;18/12/2024;;
C000090;Anaïs;Foucher;#photo, peinture#;0600000085;non;18/12/2024;18/12/2024;;
C000091;Adrien;Colin;#photo, peinture#;0600000086;non;18/12/2024;18/12/2024;;
C000092;Fabien;Rolland;#photo, peinture#;0600000087;non;18/12/2024;18/12/2024;;
C000093;Anouk;Dufour;#photo, peinture#;0600000088;non;18/12/2024;18/12/2024;;
C000094;Sonia;Charles;#photo, peinture#;0600000089;non;18/12/2024;18/12/2024;;
C000095;Laura;Lambert;#photo, peinture#;0600000090;non;18/12/2024;18/12/2024;;
C000096;Romain;Bertrand;#photo, peinture#;0600000091;non;18/12/2024;18/12/2024;;
C000097;David;Gauthier;#photo, peinture#;0600000092;non;18/12/2024;18/12/2024;;
C000098;Jade;Carpentier;#photo, peinture#;0600000093;non;18/12/2024;18/12/2024;;
C000099;Martin;Daniel;#photo, peinture#;0600000094;non;18/12/2024;18/12/2024;;
C000100;Adrien;Perrin;#photo, peinture#;0600000095;non;18/12/2024;18/12/2024;;
C000101;Mathilde;Garnier;#photo, peinture#;0600000096;non;18/12/2024;18/12/2024;;
C000102;Gabriel;Dufour;#photo, peinture#;0600000097;non;18/12/2024;18/12/2024;;
C000103;Enzo;Dubois;#photo, peinture#;0600000098;non;18/12/2024;18/12/2024;;
C000104;Simon;Philippe;#photo, peinture#;0600000099;non;18/12/2024;18/12/2024;;
C000105;Victoria;Leroy;#photo, peinture#;0600000100;non;18/12/2024;18/12/2024;;
C000106;Charlotte;Bertrand;#photo, peinture#;0600000101;non;18/12/2024;18/12/2024;;
C000107;Emma;Vidal;#photo, peinture#;0600000102;non;18/12/2024;18/12/2024;;
C000108;Nathan;Jacques;#photo, peinture#;0600000103;non;18/12/2024;18/12/2024;;
C000109;Nicolas;Hubert;#photo, peinture#;0600000104;non;18/12/2024;18/12/2024;;
C000110;Victoria;Morin;#photo, peinture#;0600000105;non;18/12/2024;18/12/2024;;
C000111;Jonathan;Pelletier;#photo, peinture#;0600000106;non;18/12/2024;18/12/2024;;
C000112;Agathe;Lemoine;#photo, peinture#;0600000107;non;18/12/2024;18/12/2024;;
C000113;Maxime;Pelletier;#photo, peinture#;0600000108;non;18/12/2024;18/12/2024;;
C000114;Adrien;Pelletier;#photo, peinture#;0600000109;non;18/12/2024;18/12/2024;;
C000115;Élodie;Foucher;#photo, peinture#;0600000110;non;18/12/2024;18/12/2024;;
C000116;Hugo;Leroy;#photo, peinture#;0600000111;non;18/12/2024;18/12/2024;;
C000117;Maxime;Lefèvre;#photo, peinture#;0600000112;non;18/12/2024;18/12/2024;;
C000118;Jonathan;Monnier;#photo, peinture#;0600000113;non;18/12/2024;18/12/2024;;
C000119;Audrey;Prevost;#photo, peinture#;0600000114;non;18/12/2024;18/12/2024;;
C000120;Mélanie;Philippe;#photo, peinture#;0600000115;non;18/12/2024;18/12/2024;;
C000121;Hugo;Masson;#photo, peinture#;0600000116;non;18/12/2024;18/12/2024;;
C000122;Hugo;André;#photo, peinture#;0600000117;non;18/12/2024;18/12/2024;;
C000123;Gaël;Lemoine;#photo, peinture#;0600000118;non;18/12/2024;18/12/2024;;
C000124;Noé;Richard;#photo, peinture#;0600000119;non;18/12/2024;18/12/2024;;
C000125;Mathilde;Jacob;#photo, peinture#;0600000120;non;18/12/2024;18/12/2024;;
C000126;Sophie;Laurent;#photo, peinture#;0600000121;non;18/12/2024;18/12/2024;;
C000127;Rémi;Masson;#photo, peinture#;0600000122;non;18/12/2024;18/12/2024;;
C000128;Clément;Moreau;#photo, peinture#;0600000123;non;18/12/2024;18/12/2024;;
C000129;Esteban;Perrin;#photo, peinture#;0600000124;non;18/12/2024;18/12/2024;;
C000130;Alice;Morel;#photo, peinture#;0600000125;non;18/12/2024;18/12/2024;;
C000131;Gaël;Page;#photo, peinture#;0600000126;non;18/12/2024;18/12/2024;;
C000132;Lucas;Faure;#photo, peinture#;0600000127;non;18/12/2024;18/12/2024;;
C000133;Jeanne;Garnier;#photo, peinture#;0600000128;non;18/12/2024;18/12/2024;;
C000134;Vincent;André;#photo, peinture#;0600000129;non;18/12/2024;18/12/2024;;
C000135;Charlotte;Garnier;#photo, peinture#;0600000130;non;18/12/2024;18/12/2024;;
C000136;Sandra;François;#photo, peinture#;0600000131;non;18/12/2024;18/12/2024;;
C000137;Clémence;Nguyen;#photo, peinture#;0600000132;non;18/12/2024;18/12/2024;;
C000138;Stéphane;Pelletier;#photo, peinture#;0600000133;non;18/12/2024;18/12/2024;;
C000139;Damien;Vidal;#photo, peinture#;0600000134;non;18/12/2024;18/12/2024;;
C000140;Adrien;Carpentier;#photo, peinture#;0600000135;non;18/12/2024;18/12/2024;;
C000141;Laura;Perrin;#photo, peinture#;0600000136;non;18/12/2024;18/12/2024;;
C000142;Sarah;Lambert;#photo, peinture#;0600000137;non;18/12/2024;18/12/2024;;
C000143;Romane;Bouvier;#photo, peinture#;0600000138;non;18/12/2024;18/12/2024;;
C000144;Thomas;Lambert;#photo, peinture#;0600000139;non;18/12/2024;18/12/2024;;
C000145;Jade;Lopez;#photo, peinture#;0600000140;non;18/12/2024;18/12/2024;;
C000146;Enzo;David;#photo, peinture#;0600000141;non;18/12/2024;18/12/2024;;
C000147;Victoria;Lebrun;#photo, peinture#;0600000142;non;18/12/2024;18/12/2024;;
C000148;Marion;Payet;#photo, peinture#;0600000143;non;18/12/2024;18/12/2024;;
C000149;Anaïs;Lebrun;#photo, peinture#;0600000144;non;18/12/2024;18/12/2024;;
C000150;Clément;André;#photo, peinture#;0600000145;non;18/12/2024;18/12/2024;;
C000151;Carla;Bonnet;#photo, peinture#;0600000146;non;18/12/2024;18/12/2024;;
C000152;Mathilde;Daniel;#photo, peinture#;0600000147;non;18/12/2024;18/12/2024;;
C000153;Maxime;Daniel;#photo, peinture#;0600000148;non;18/12/2024;18/12/2024;;
C000154;Bastien;Perrot;#photo, peinture#;0600000149;non;18/12/2024;18/12/2024;;
C000155;Arthur;Bouvier;#photo, peinture#;0600000150;non;18/12/2024;18/12/2024;;
C000156;Romain;David;#photo, peinture#;0600000151;non;18/12/2024;18/12/2024;;
C000157;Emma;Giraud;#photo, peinture#;0600000152;non;18/12/2024;18/12/2024;;
C000158;Maxime;Foucher;#photo, peinture#;0600000153;non;18/12/2024;18/12/2024;;
C000159;Quentin;Richard;#photo, peinture#;0600000154;non;18/12/2024;18/12/2024;;
C000160;Sonia;Roy;#photo, peinture#;0600000155;non;18/12/2024;18/12/2024;;
C000161;Kevin;Petit;#photo, peinture#;0600000156;non;18/12/2024;18/12/2024;;
C000162;Ethan;Martineau;#photo, peinture#;0600000157;non;18/12/2024;18/12/2024;;
C000163;David;Thomas;#photo, peinture#;0600000158;non;18/12/2024;18/12/2024;;
C000164;Audrey;Pires;#photo, peinture#;0600000159;non;18/12/2024;18/12/2024;;
C000165;Chloé;Schmitt;#photo, peinture#;0600000160;non;18/12/2024;18/12/2024;;
C000166;Clémence;Moulin;#photo, peinture#;0600000161;non;18/12/2024;18/12/2024;;
C000167;Loïc;Dubois;#photo, peinture#;0600000162;non;18/12/2024;18/12/2024;;
C000168;Maëlle;Robert;#photo, peinture#;0600000163;non;18/12/2024;18/12/2024;;
C000169;Clémence;Girard;#photo, peinture#;0600000164;non;18/12/2024;18/12/2024;;
C000170;Tom;Brunet;#photo, peinture#;0600000165;non;18/12/2024;18/12/2024;;
C000171;Charlotte;Roux;#photo, peinture#;0600000166;non;18/12/2024;18/12/2024;;
C000172;Sarah;Dufour;#photo, peinture#;0600000167;non;18/12/2024;18/12/2024;;
C000173;Audrey;Renaud;#photo, peinture#;0600000168;non;18/12/2024;18/12/2024;;
C000174;Kevin;Perrot;#photo, peinture#;0600000169;non;18/12/2024;18/12/2024;;
C000175;Zoé;Durand;#photo, peinture#;0600000170;non;18/12/2024;18/12/2024;;
C000176;Élise;Rey;#photo, peinture#;0600000171;non;18/12/2024;18/12/2024;;
C000177;Antoine;Caron;#photo, peinture#;0600000172;non;18/12/2024;18/12/2024;;
C000178;Esteban;Fernandez;#photo, peinture#;0600000173;non;18/12/2024;18/12/2024;;
C000179;Jade;Lopez;#photo, peinture#;0600000174;non;18/12/2024;18/12/2024;;
C000180;Rémi;Bertrand;#photo, peinture#;0600000175;non;18/12/2024;18/12/2024;;
C000181;Benjamin;Fontaine;#photo, peinture#;0600000176;non;18/12/2024;18/12/2024;;
C000182;Lucas;Morin;#photo, peinture#;0600000177;non;18/12/2024;18/12/2024;;
C000183;Élise;Jacob;#photo, peinture#;0600000178;non;18/12/2024;18/12/2024;;
C000184;Théo;Lebrun;#photo, peinture#;0600000179;non;18/12/2024;18/12/2024;;
C000185;Emma;Perrot;#photo, peinture#;0600000180;non;18/12/2024;18/12/2024;;
C000186;Simon;Philippe;#photo, peinture#;0600000181;non;18/12/2024;18/12/2024;;
C000187;Tristan;Leclerc;#photo, peinture#;0600000182;non;18/12/2024;18/12/2024;;
C000188;Florian;Lemoine;#photo, peinture#;0600000183;non;18/12/2024;18/12/2024;;
C000189;Romane;Millet;#photo, peinture#;0600000184;non;18/12/2024;18/12/2024;;
C000190;Marine;Lefebvre;#photo, peinture#;0600000185;non;18/12/2024;18/12/2024;;
C000191;Rémi;Bernard;#photo, peinture#;0600000186;non;18/12/2024;18/12/2024;;
C000192;Romain;Moulin;#photo, peinture#;0600000187;non;18/12/2024;18/12/2024;;
C000193;Clara;Petit;#photo, peinture#;0600000188;non;18/12/2024;18/12/2024;;
C000194;Jonathan;Da Silva;#photo, peinture#;0600000189;non;18/12/2024;18/12/2024;;
C000195;Lucas;Leclerc;#photo, peinture#;0600000190;non;18/12/2024;18/12/2024;;
C000196;Benjamin;André;#photo, peinture#;0600000191;non;18/12/2024;18/12/2024;;
C000197;Emma;Martin;#photo, peinture#;0600000192;non;18/12/2024;18/12/2024;;
C000198;Louis;Moulin;#photo, peinture#;0600000193;non;18/12/2024;18/12/2024;;
C000199;Gabriel;Girard;#photo, peinture#;0600000194;non;18/12/2024;18/12/2024;;
C000200;Damien;Boyer;#photo, peinture#;0600000195;non;18/12/2024;18/12/2024;;
C000201;Mélanie;Petit;#photo, peinture#;0600000196;non;18/12/2024;18/12/2024;;
C000202;Ninon;Lopez;#photo, peinture#;0600000197;non;18/12/2024;18/12/2024;;
C000203;Hugo;Martineau;#photo, peinture#;0600000198;non;18/12/2024;18/12/2024;;
C000204;Mathéo;Roger;#photo, peinture#;0600000199;non;18/12/2024;18/12/2024;;
C000205;Jade;Marchand;#photo, peinture#;0600000200;non;18/12/2024;18/12/2024;;
C000206;Florian;Morel;#photo, peinture#;0600000201;non;18/12/2024;18/12/2024;;
C000207;Raphaël;Martin;#photo, peinture#;0600000202;non;18/12/2024;18/12/2024;;
C000208;Stéphane;Dubois;#photo, peinture#;0600000203;non;18/12/2024;18/12/2024;;
C000209;Corentin;Brun;#photo, peinture#;0600000204;non;18/12/2024;18/12/2024;;
C000210;Margaux;Schmitt;#photo, peinture#;0600000205;non;18/12/2024;18/12/2024;;
C000211;Léo;Monnier;#photo, peinture#;0600000206;non;18/12/2024;18/12/2024;;
C000212;Gabriel;Masson;#photo, peinture#;0600000207;non;18/12/2024;18/12/2024;;
C000213;Arthur;David;#photo, peinture#;0600000208;non;18/12/2024;18/12/2024;;
C000214;Stéphane;Renard;#photo, peinture#;0600000209;non;18/12/2024;18/12/2024;;
C000215;Robin;Giraud;#photo, peinture#;0600000210;non;18/12/2024;18/12/2024;;
C000216;Baptiste;Leroy;#photo, peinture#;0600000211;non;18/12/2024;18/12/2024;;
C000217;Maëlys;Rey;#photo, peinture#;0600000212;non;18/12/2024;18/12/2024;;
C000218;Bastien;Petit;#photo, peinture#;0600000213;non;18/12/2024;18/12/2024;;
C000219;Jules;Moulin;#photo, peinture#;0600000214;non;18/12/2024;18/12/2024;;
C000220;Pierre;Brunel;#photo, peinture#;0600000215;non;18/12/2024;18/12/2024;;
C000221;Timéo;Perrot;#photo, peinture#;0600000216;non;18/12/2024;18/12/2024;;
C000222;Jules;Leroy;#photo, peinture#;0600000217;non;18/12/2024;18/12/2024;;
C000223;Gabriel;Faure;#photo, peinture#;0600000218;non;18/12/2024;18/12/2024;;
C000224;Margaux;Millet;#photo, peinture#;0600000219;non;18/12/2024;18/12/2024;;
C000225;Léon;Carpentier;#photo, peinture#;0600000220;non;18/12/2024;18/12/2024;;
C000226;Mélanie;Nguyen;#photo, peinture#;0600000221;non;18/12/2024;18/12/2024;;
C000227;Martin;Pelletier;#photo, peinture#;0600000222;non;18/12/2024;18/12/2024;;
C000228;Alice;Martineau;#photo, peinture#;0600000223;non;18/12/2024;18/12/2024;;
C000229;David;Fournier;#photo, peinture#;0600000224;non;18/12/2024;18/12/2024;;
C000230;Carla;Lopez;#photo, peinture#;0600000225;non;18/12/2024;18/12/2024;;
C000231;Adrien;Marchand;#photo, peinture#;0600000226;non;18/12/2024;18/12/2024;;
C000232;Hugo;Leroy;#photo, peinture#;0600000227;non;18/12/2024;18/12/2024;;
C000233;Maëlle;Lopez;#photo, peinture#;0600000228;non;18/12/2024;18/12/2024;;
C000234;Romain;Richard;#photo, peinture#;0600000229;non;18/12/2024;18/12/2024;;
C000235;Thomas;Lefèvre;#photo, peinture#;0600000230;non;18/12/2024;18/12/2024;;
C000236;Jonathan;Laurent;#photo, peinture#;0600000231;non;18/12/2024;18/12/2024;;
C000237;Ninon;Dubois;#photo, peinture#;0600000232;non;18/12/2024;18/12/2024;;
C000238;Clara;Brunel;#photo, peinture#;0600000233;non;18/12/2024;18/12/2024;;
C000239;Emma;Hubert;#photo, peinture#;0600000234;non;18/12/2024;18/12/2024;;
C000240;Sophie;Giraud;#photo, peinture#;0600000235;non;18/12/2024;18/12/2024;;
C000241;Sonia;Richard;#photo, peinture#;0600000236;non;18/12/2024;18/12/2024;;
C000242;Thomas;Durand;#photo, peinture#;0600000237;non;18/12/2024;18/12/2024;;
C000243;Romain;Leclerc;#photo, peinture#;0600000238;non;18/12/2024;18/12/2024;;
C000244;Adrien;Mercier;#photo, peinture#;0600000239;non;18/12/2024;18/12/2024;;
C000245;Hugo;Giraud;#photo, peinture#;0600000240;non;18/12/2024;18/12/2024;;
C000246;Adrien;Martin;#photo, peinture#;0600000241;non;18/12/2024;18/12/2024;;
C000247;Maëlle;Alexandre;#photo, peinture#;0600000242;non;18/12/2024;18/12/2024;;
C000248;Camille;Mercier;#photo, peinture#;0600000243;non;18/12/2024;18/12/2024;;
C000249;Valentin;Bertrand;#photo, peinture#;0600000244;non;18/12/2024;18/12/2024;;
C000250;Vincent;Daniel;#photo, peinture#;0600000245;non;18/12/2024;18/12/2024;;
C000251;Baptiste;Denis;#photo, peinture#;0600000246;non;18/12/2024;18/12/2024;;
C000252;Florian;Caron;#photo, peinture#;0600000247;non;18/12/2024;18/12/2024;;
C000253;Louis;Lefèvre;#photo, peinture#;0600000248;non;18/12/2024;18/12/2024;;
C000254;Yann;Daniel;#photo, peinture#;0600000249;non;18/12/2024;18/12/2024;;
C000255;Corentin;Lefèvre;#photo, peinture#;0600000250;non;18/12/2024;18/12/2024;;
C000256;Pierre;Garnier;#photo, peinture#;0600000251;non;18/12/2024;18/12/2024;;
C000257;Maëlle;Leroy;#photo, peinture#;0600000252;non;18/12/2024;18/12/2024;;
C000258;Agathe;Leclerc;#photo, peinture#;0600000253;non;18/12/2024;18/12/2024;;
C000259;Juliette;Fernandez;#photo, peinture#;0600000254;non;18/12/2024;18/12/2024;;
C000260;Robin;Morel;#photo, peinture#;0600000255;non;18/12/2024;18/12/2024;;
C000261;Léa;Vincent;#photo, peinture#;0600000256;non;18/12/2024;18/12/2024;;
C000262;Maëlle;Brunel;#photo, peinture#;0600000257;non;18/12/2024;18/12/2024;;
C000263;Mathieu;Lambert;#photo, peinture#;0600000258;non;18/12/2024;18/12/2024;;
C000264;Marion;Lemoine;#photo, peinture#;0600000259;non;18/12/2024;18/12/2024;;
C000265;Lucas;Lambert;#photo, peinture#;0600000260;non;18/12/2024;18/12/2024;;
C000266;Raphaël;Perrot;#photo, peinture#;0600000261;non;18/12/2024;18/12/2024;;
C000267;Clément;Michel;#photo, peinture#;0600000262;non;18/12/2024;18/12/2024;;
C000268;Nicolas;Prevost;#photo, peinture#;0600000263;non;18/12/2024;18/12/2024;;
C000269;Margaux;Blanchard;#photo, peinture#;0600000264;non;18/12/2024;18/12/2024;;
C000270;Félix;Vidal;#photo, peinture#;0600000265;non;18/12/2024;18/12/2024;;
C000271;Mathilde;Lefèvre;#photo, peinture#;0600000266;non;18/12/2024;18/12/2024;;
C000272;Enzo;Thomas;#photo, peinture#;0600000267;non;18/12/2024;18/12/2024;;
C000273;Chloé;Jacob;#photo, peinture#;0600000268;non;18/12/2024;18/12/2024;;
C000274;Lucas;Pires;#photo, peinture#;0600000269;non;18/12/2024;18/12/2024;;
C000275;Hugo;Fernandez;#photo, peinture#;0600000270;non;18/12/2024;18/12/2024;;
C000276;Emma;François;#photo, peinture#;0600000271;non;18/12/2024;18/12/2024;;
C000277;Corentin;Garcia;#photo, peinture#;0600000272;non;18/12/2024;18/12/2024;;
C000278;Robin;Masson;#photo, peinture#;0600000273;non;18/12/2024;18/12/2024;;
C000279;Théo;Jacob;#photo, peinture#;0600000274;non;18/12/2024;18/12/2024;;
C000280;Noémie;Garcia;#photo, peinture#;0600000275;non;18/12/2024;18/12/2024;;
C000281;Noé;Meyer;#photo, peinture#;0600000276;non;18/12/2024;18/12/2024;;
C000282;Inès;Bertrand;#photo, peinture#;0600000277;non;18/12/2024;18/12/2024;;
C000283;Raphaël;Pelletier;#photo, peinture#;0600000278;non;18/12/2024;18/12/2024;;
C000284;Kevin;Blanc;#photo, peinture#;0600000279;non;18/12/2024;18/12/2024;;
C000285;Lucie;Masson;#photo, peinture#;0600000280;non;18/12/2024;18/12/2024;;
C000286;Sandra;André;#photo, peinture#;0600000281;non;18/12/2024;18/12/2024;;
C000287;Noémie;Jacques;#photo, peinture#;0600000282;non;18/12/2024;18/12/2024;;
C000288;Baptiste;Nguyen;#photo, peinture#;0600000283;non;18/12/2024;18/12/2024;;
C000289;Arnaud;Meyer;#photo, peinture#;0600000284;non;18/12/2024;18/12/2024;;
C000290;Sophie;Dupuis;#photo, peinture#;0600000285;non;18/12/2024;18/12/2024;;
C000291;Anouk;Blanchard;#photo, peinture#;0600000286;non;18/12/2024;18/12/2024;;
C000292;Mélanie;Garcia;#photo, peinture#;0600000287;non;18/12/2024;18/12/2024;;
C000293;Timéo;Payet;#photo, peinture#;0600000288;non;18/12/2024;18/12/2024;;
C000294;Arthur;Renaud;#photo, peinture#;0600000289;non;18/12/2024;18/12/2024;;
C000295;Enzo;Daniel;#photo, peinture#;0600000290;non;18/12/2024;18/12/2024;;
C000296;Robin;Gautier;#photo, peinture#;0600000291;non;18/12/2024;18/12/2024;;
C000297;David;Mathieu;#photo, peinture#;0600000292;non;18/12/2024;18/12/2024;;
C000298;Amélie;Daniel;#photo, peinture#;0600000293;non;18/12/2024;18/12/2024;;
C000299;Corentin;Laurent;#photo, peinture#;0600000294;non;18/12/2024;18/12/2024;;
C000300;Amandine;Denis;#photo, peinture#;0600000295;non;18/12/2024;18/12/2024;;
C000301;Mathéo;Philippe;#photo, peinture#;0600000296;non;18/12/2024;18/12/2024;;
C000302;Félix;Lemoine;#photo, peinture#;0600000297;non;18/12/2024;18/12/2024;;
C000303;Martin;Gauthier;#photo, peinture#;0600000298;non;18/12/2024;18/12/2024;;
C000304;Margaux;Chevalier;#photo, peinture#;0600000299;non;18/12/2024;18/12/2024;;
C000305;Emma;Carpentier;#photo, peinture#;0600000300;non;18/12/2024;18/12/2024;;
C000306;Lucie;Garnier;#photo, peinture#;0600000301;non;18/12/2024;18/12/2024;;
C000307;Audrey;Bouvier;#photo, peinture#;0600000302;non;18/12/2024;18/12/2024;;
C000308;Manon;Pelletier;#photo, peinture#;0600000303;non;18/12/2024;18/12/2024;;
C000309;Carla;Fontaine;#photo, peinture#;0600000304;non;18/12/2024;18/12/2024;;
C000310;Maëlle;Martin;#photo, peinture#;0600000305;non;18/12/2024;18/12/2024;;
C000311;Hugo;Nguyen;#photo, peinture#;0600000306;non;18/12/2024;18/12/2024;;
C000312;Clara;Millet;#photo, peinture#;0600000307;non;18/12/2024;18/12/2024;;
C000313;Jérémy;Robert;#photo, peinture#;0600000308;non;18/12/2024;18/12/2024;;
C000314;Clémence;Bernard;#photo, peinture#;0600000309;non;18/12/2024;18/12/2024;;
C000315;Esteban;Vincent;#photo, peinture#;0600000310;non;18/12/2024;18/12/2024;;
C000316;Florian;Marchand;#photo, peinture#;0600000311;non;18/12/2024;18/12/2024;;
C000317;Félix;Roux;#photo, peinture#;0600000312;non;18/12/2024;18/12/2024;;
C000318;Gaël;Girard;#photo, peinture#;0600000313;non;18/12/2024;18/12/2024;;
C000319;Carla;Meyer;#photo, peinture#;0600000314;non;18/12/2024;18/12/2024;;
C000320;Martin;Da Silva;#photo, peinture#;0600000315;non;18/12/2024;18/12/2024;;
C000321;Victoria;Caron;#photo, peinture#;0600000316;non;18/12/2024;18/12/2024;;
C000322;Raphaël;Jacob;#photo, peinture#;0600000317;non;18/12/2024;18/12/2024;;
C000323;Arthur;Thomas;#photo, peinture#;0600000318;non;18/12/2024;18/12/2024;;
C000324;Camille;Alexandre;#photo, peinture#;0600000319;non;18/12/2024;18/12/2024;;
C000325;Sandra;Brun;#photo, peinture#;0600000320;non;18/12/2024;18/12/2024;;
C000326;Mathieu;Roy;#photo, peinture#;0600000321;non;18/12/2024;18/12/2024;;
C000327;Marion;Page;#photo, peinture#;0600000322;non;18/12/2024;18/12/2024;;
C000328;Théo;Da Silva;#photo, peinture#;0600000323;non;18/12/2024;18/12/2024;;
C000329;Anaïs;Blanchard;#photo, peinture#;0600000324;non;18/12/2024;18/12/2024;;
C000330;Romane;Renaud;#photo, peinture#;0600000325;non;18/12/2024;18/12/2024;;
C000331;Marine;Masson;#photo, peinture#;0600000326;non;18/12/2024;18/12/2024;;
C000332;Thomas;Roux;#photo, peinture#;0600000327;non;18/12/2024;18/12/2024;;
C000333;Damien;Olivier;#photo, peinture#;0600000328;non;18/12/2024;18/12/2024;;
C000334;Pauline;Lopez;#photo, peinture#;0600000329;non;18/12/2024;18/12/2024;;
C000335;Noé;Caron;#photo, peinture#;0600000330;non;18/12/2024;18/12/2024;;
C000336;Gaël;Alexandre;#photo, peinture#;0600000331;non;18/12/2024;18/12/2024;;
C000337;Baptiste;Leroy;#photo, peinture#;0600000332;non;18/12/2024;18/12/2024;;
C000338;Théo;Moreau;#photo, peinture#;0600000333;non;18/12/2024;18/12/2024;;
C000339;Florian;Leroy;#photo, peinture#;0600000334;non;18/12/2024;18/12/2024;;
C000340;Félix;Lefebvre;#photo, peinture#;0600000335;non;18/12/2024;18/12/2024;;
C000341;Simon;Vincent;#photo, peinture#;0600000336;non;18/12/2024;18/12/2024;;
C000342;Sonia;Barbier;#photo, peinture#;0600000337;non;18/12/2024;18/12/2024;;
C000343;Léa;Rousseau;#photo, peinture#;0600000338;non;18/12/2024;18/12/2024;;
C000344;Arthur;Renard;#photo, peinture#;0600000339;non;18/12/2024;18/12/2024;;
C000345;Romane;Daniel;#photo, peinture#;0600000340;non;18/12/2024;18/12/2024;;
C000346;Adrien;Renard;#photo, peinture#;0600000341;non;18/12/2024;18/12/2024;;
C000347;Félix;Leroy;#photo, peinture#;0600000342;non;18/12/2024;18/12/2024;;
C000348;Clara;Mathieu;#photo, peinture#;0600000343;non;18/12/2024;18/12/2024;;
C000349;Julien;Leclerc;#photo, peinture#;0600000344;non;18/12/2024;18/12/2024;;
C000350;Léon;Legrand;#photo, peinture#;0600000345;non;18/12/2024;18/12/2024;;
C000351;Inès;Vincent;#photo, peinture#;0600000346;non;18/12/2024;18/12/2024;;
C000352;Loïc;Dubois;#photo, peinture#;0600000347;non;18/12/2024;18/12/2024;;
C000353;Loïc;Thomas;#photo, peinture#;0600000348;non;18/12/2024;18/12/2024;;
C000354;Julien;Nguyen;#photo, peinture#;0600000349;non;18/12/2024;18/12/2024;;
C000355;Gabriel;Mathieu;#photo, peinture#;0600000350;non;18/12/2024;18/12/2024;;
C000356;Sandra;Renard;#photo, peinture#;0600000351;non;18/12/2024;18/12/2024;;
C000357;Hugo;Bernard;#photo, peinture#;0600000352;non;18/12/2024;18/12/2024;;
C000358;Margaux;Fournier;#photo, peinture#;0600000353;non;18/12/2024;18/12/2024;;
C000359;Clément;Mercier;#photo, peinture#;0600000354;non;18/12/2024;18/12/2024;;
C000360;Amélie;Blanchard;#photo, peinture#;0600000355;non;18/12/2024;18/12/2024;;
C000361;Tom;Hubert;#photo, peinture#;0600000356;non;18/12/2024;18/12/2024;;
C000362;Raphaël;Girard;#photo, peinture#;0600000357;non;18/12/2024;18/12/2024;;
C000363;Fabien;Fernandez;#photo, peinture#;0600000358;non;18/12/2024;18/12/2024;;
C000364;Solène;Payet;#photo, peinture#;0600000359;non;18/12/2024;18/12/2024;;
C000365;Enzo;Simon;#photo, peinture#;0600000360;non;18/12/2024;18/12/2024;;
C000366;Enzo;Blanc;#photo, peinture#;0600000361;non;18/12/2024;18/12/2024;;
C000367;Hugo;Perrin;#photo, peinture#;0600000362;non;18/12/2024;18/12/2024;;
C000368;Mélanie;Olivier;#photo, peinture#;0600000363;non;18/12/2024;18/12/2024;;
C000369;Sarah;François;#photo, peinture#;0600000364;non;18/12/2024;18/12/2024;;
C000370;Yannis;Renaud;#photo, peinture#;0600000365;non;18/12/2024;18/12/2024;;
C000371;Amandine;Barbier;#photo, peinture#;0600000366;non;18/12/2024;18/12/2024;;
C000372;Noé;Brun;#photo, peinture#;0600000367;non;18/12/2024;18/12/2024;;
C000373;Benjamin;Blanc;#photo, peinture#;0600000368;non;18/12/2024;18/12/2024;;
C000374;Corentin;Legrand;#photo, peinture#;0600000369;non;18/12/2024;18/12/2024;;
C000375;Sophie;Mercier;#photo, peinture#;0600000370;non;18/12/2024;18/12/2024;;
C000376;Antoine;Philippe;#photo, peinture#;0600000371;non;18/12/2024;18/12/2024;;
C000377;Antoine;Petit;#photo, peinture#;0600000372;non;18/12/2024;18/12/2024;;
C000378;Florian;Lambert;#photo, peinture#;0600000373;non;18/12/2024;18/12/2024;;
C000379;Solène;Barbier;#photo, peinture#;0600000374;non;18/12/2024;18/12/2024;;
C000380;Zoé;Girard;#photo, peinture#;0600000375;non;18/12/2024;18/12/2024;;
C000381;Baptiste;Philippe;#photo, peinture#;0600000376;non;18/12/2024;18/12/2024;;
C000382;Clara;Moulin;#photo, peinture#;0600000377;non;18/12/2024;18/12/2024;;
C000383;Léo;Denis;#photo, peinture#;0600000378;non;18/12/2024;18/12/2024;;
C000384;Martin;Olivier;#photo, peinture#;0600000379;non;18/12/2024;18/12/2024;;
C000385;Sandra;Roux;#photo, peinture#;0600000380;non;18/12/2024;18/12/2024;;
C000386;Benjamin;Meyer;#photo, peinture#;0600000381;non;18/12/2024;18/12/2024;;
C000387;Raphaël;Perrot;#photo, peinture#;0600000382;non;18/12/2024;18/12/2024;;
C000388;Gaël;François;#photo, peinture#;0600000383;non;18/12/2024;18/12/2024;;
C000389;Emma;Faure;#photo, peinture#;0600000384;non;18/12/2024;18/12/2024;;
C000390;Anouk;Renaud;#photo, peinture#;0600000385;non;18/12/2024;18/12/2024;;
C000391;Anouk;Page;#photo, peinture#;0600000386;non;18/12/2024;18/12/2024;;
C000392;Noémie;Brunet;#photo, peinture#;0600000387;non;18/12/2024;18/12/2024;;
C000393;Rémi;Martin;#photo, peinture#;0600000388;non;18/12/2024;18/12/2024;;
C000394;Timéo;Dupont;#photo, peinture#;0600000389;non;18/12/2024;18/12/2024;;
C000395;Corentin;Leclerc;#photo, peinture#;0600000390;non;18/12/2024;18/12/2024;;
C000396;Gabriel;Carpentier;#photo, peinture#;0600000391;non;18/12/2024;18/12/2024;;
C000397;Damien;Pelletier;#photo, peinture#;0600000392;non;18/12/2024;18/12/2024;;
C000398;Alice;Dupont;#photo, peinture#;0600000393;non;18/12/2024;18/12/2024;;
C000399;Jules;Rolland;#photo, peinture#;0600000394;non;18/12/2024;18/12/2024;;
C000400;Margaux;Pelletier;#photo, peinture#;0600000395;non;18/12/2024;18/12/2024;;
C000401;Marion;Bonnet;#photo, peinture#;0600000396;non;18/12/2024;18/12/2024;;
C000402;Timéo;Pelletier;#photo, peinture#;0600000397;non;18/12/2024;18/12/2024;;
C000403;Arnaud;Roux;#photo, peinture#;0600000398;non;18/12/2024;18/12/2024;;
C000404;Lucie;Leroy;#photo, peinture#;0600000399;non;18/12/2024;18/12/2024;;
C000405;Audrey;Alexandre;#photo, peinture#;0600000400;non;18/12/2024;18/12/2024;;
C000406;Martin;Prevost;#photo, peinture#;0600000401;non;18/12/2024;18/12/2024;;
C000407;Léa;Hubert;#photo, peinture#;0600000402;non;18/12/2024;18/12/2024;;
C000408;Agathe;Marchand;#photo, peinture#;0600000403;non;18/12/2024;18/12/2024;;
C000409;Élodie;Richard;#photo, peinture#;0600000404;non;18/12/2024;18/12/2024;;
C000410;Élise;Leroy;#photo, peinture#;0600000405;non;18/12/2024;18/12/2024;;
C000411;Emma;Dupuis;#photo, peinture#;0600000406;non;18/12/2024;18/12/2024;;
C000412;Baptiste;Mercier;#photo, peinture#;0600000407;non;18/12/2024;18/12/2024;;
C000413;Marine;Bertrand;#photo, peinture#;0600000408;non;18/12/2024;18/12/2024;;
C000414;Pierre;Millet;#photo, peinture#;0600000409;non;18/12/2024;18/12/2024;;
C000415;Damien;Petit;#photo, peinture#;0600000410;non;18/12/2024;18/12/2024;;
C000416;Agathe;Lefèvre;#photo, peinture#;0600000411;non;18/12/2024;18/12/2024;;
C000417;Stéphane;Brunet;#photo, peinture#;0600000412;non;18/12/2024;18/12/2024;;
C000418;Manon;Robert;#photo, peinture#;0600000413;non;18/12/2024;18/12/2024;;
C000419;Vincent;Dufour;#photo, peinture#;0600000414;non;18/12/2024;18/12/2024;;
C000420;Léo;Roy;#photo, peinture#;0600000415;non;18/12/2024;18/12/2024;;
C000421;Amandine;Caron;#photo, peinture#;0600000416;non;18/12/2024;18/12/2024;;
C000422;Fabien;Bouvier;#photo, peinture#;0600000417;non;18/12/2024;18/12/2024;;
C000423;Jeanne;Dubois;#photo, peinture#;0600000418;non;18/12/2024;18/12/2024;;
C000424;Romane;Marchand;#photo, peinture#;0600000419;non;18/12/2024;18/12/2024;;
C000425;Sarah;Carpentier;#photo, peinture#;0600000420;non;18/12/2024;18/12/2024;;
C000426;Arnaud;Brun;#photo, peinture#;0600000421;non;18/12/2024;18/12/2024;;
C000427;Mathilde;Martinez;#photo, peinture#;0600000422;non;18/12/2024;18/12/2024;;
C000428;Anaïs;Richard;#photo, peinture#;0600000423;non;18/12/2024;18/12/2024;;
C000429;Mélanie;Giraud;#photo, peinture#;0600000424;non;18/12/2024;18/12/2024;;
C000430;Ethan;Moreau;#photo, peinture#;0600000425;non;18/12/2024;18/12/2024;;
C000431;Corentin;Martinez;#photo, peinture#;0600000426;non;18/12/2024;18/12/2024;;
C000432;Thomas;Faure;#photo, peinture#;0600000427;non;18/12/2024;18/12/2024;;
C000433;Thomas;Vincent;#photo, peinture#;0600000428;non;18/12/2024;18/12/2024;;
C000434;Jeanne;Durand;#photo, peinture#;0600000429;non;18/12/2024;18/12/2024;;
C000435;Yannis;Roger;#photo, peinture#;0600000430;non;18/12/2024;18/12/2024;;
C000436;Benjamin;Jacob;#photo, peinture#;0600000431;non;18/12/2024;18/12/2024;;
C000437;Quentin;Da Silva;#photo, peinture#;0600000432;non;18/12/2024;18/12/2024;;
C000438;Julien;Renaud;#photo, peinture#;0600000433;non;18/12/2024;18/12/2024;;
C000439;Marion;Jacob;#photo, peinture#;0600000434;non;18/12/2024;18/12/2024;;
C000440;Élodie;Morin;#photo, peinture#;0600000435;non;18/12/2024;18/12/2024;;
C000441;Louis;Rey;#photo, peinture#;0600000436;non;18/12/2024;18/12/2024;;
C000442;Nicolas;Fontaine;#photo, peinture#;0600000437;non;18/12/2024;18/12/2024;;
C000443;Audrey;Foucher;#photo, peinture#;0600000438;non;18/12/2024;18/12/2024;;
C000444;Maxime;Fernandez;#photo, peinture#;0600000439;non;18/12/2024;18/12/2024;;
C000445;Corentin;Blanc;#photo, peinture#;0600000440;non;18/12/2024;18/12/2024;;
C000446;Félix;Petit;#photo, peinture#;0600000441;non;18/12/2024;18/12/2024;;
C000447;Camille;Vidal;#photo, peinture#;0600000442;non;18/12/2024;18/12/2024;;
C000448;Vincent;Blanc;#photo, peinture#;0600000443;non;18/12/2024;18/12/2024;;
C000449;Solène;Fontaine;#photo, peinture#;0600000444;non;18/12/2024;18/12/2024;;
C000450;Tom;Gautier;#photo, peinture#;0600000445;non;18/12/2024;18/12/2024;;
C000451;Clara;Richard;#photo, peinture#;0600000446;non;18/12/2024;18/12/2024;;
C000452;Antoine;Lefebvre;#photo, peinture#;0600000447;non;18/12/2024;18/12/2024;;
C000453;Audrey;Chevalier;#photo, peinture#;0600000448;non;18/12/2024;18/12/2024;;
C000454;Amélie;Thomas;#photo, peinture#;0600000449;non;18/12/2024;18/12/2024;;
C000455;Nicolas;Morin;#photo, peinture#;0600000450;non;18/12/2024;18/12/2024;;
C000456;Maëlle;Carpentier;#photo, peinture#;0600000451;non;18/12/2024;18/12/2024;;
C000457;Clara;Barbier;#photo, peinture#;0600000452;non;18/12/2024;18/12/2024;;
C000458;Damien;Martineau;#photo, peinture#;0600000453;non;18/12/2024;18/12/2024;;
C000459;Jade;Meyer;#photo, peinture#;0600000454;non;18/12/2024;18/12/2024;;
C000460;Yann;Leroy;#photo, peinture#;0600000455;non;18/12/2024;18/12/2024;;
C000461;Stéphane;Lefebvre;#photo, peinture#;0600000456;non;18/12/2024;18/12/2024;;
C000462;Léo;Da Silva;#photo, peinture#;0600000457;non;18/12/2024;18/12/2024;;
C000463;Lucas;Vincent;#photo, peinture#;0600000458;non;18/12/2024;18/12/2024;;
C000464;Clémence;Gillet;#photo, peinture#;0600000459;non;18/12/2024;18/12/2024;;
C000465;Olivier;Millet;#photo, peinture#;0600000460;non;18/12/2024;18/12/2024;;
C000466;Anouk;Jacob;#photo, peinture#;0600000461;non;18/12/2024;18/12/2024;;
C000467;Anaïs;Jacques;#photo, peinture#;0600000462;non;18/12/2024;18/12/2024;;
C000468;Sophie;Millet;#photo, peinture#;0600000463;non;18/12/2024;18/12/2024;;
C000469;Clémence;Fernandez;#photo, peinture#;0600000464;non;18/12/2024;18/12/2024;;
C000470;Carla;Bouvier;#photo, peinture#;0600000465;non;18/12/2024;18/12/2024;;
C000471;Clément;Marchand;#photo, peinture#;0600000466;non;18/12/2024;18/12/2024;;
C000472;Nicolas;Philippe;#photo, peinture#;0600000467;non;18/12/2024;18/12/2024;;
C000473;Marion;Mercier;#photo, peinture#;0600000468;non;18/12/2024;18/12/2024;;
C000474;Mathéo;Vincent;#photo, peinture#;0600000469;non;18/12/2024;18/12/2024;;
C000475;Adrien;Bonnet;#photo, peinture#;0600000470;non;18/12/2024;18/12/2024;;
C000476;Maëlys;Bouvier;#photo, peinture#;0600000471;non;18/12/2024;18/12/2024;;
C000477;Raphaël;Michel;#photo, peinture#;0600000472;non;18/12/2024;18/12/2024;;
C000478;Mélanie;Richard;#photo, peinture#;0600000473;non;18/12/2024;18/12/2024;;
C000479;Gabriel;Jacques;#photo, peinture#;0600000474;non;18/12/2024;18/12/2024;;
C000480;Bastien;Monnier;#photo, peinture#;0600000475;non;18/12/2024;18/12/2024;;
C000481;Enzo;Dupuis;#photo, peinture#;0600000476;non;18/12/2024;18/12/2024;;
C000482;Noé;Olivier;#photo, peinture#;0600000477;non;18/12/2024;18/12/2024;;
C000483;Manon;Schmitt;#photo, peinture#;0600000478;non;18/12/2024;18/12/2024;;
C000484;Olivier;Girard;#photo, peinture#;0600000479;non;18/12/2024;18/12/2024;;
C000485;Rémi;Olivier;#photo, peinture#;0600000480;non;18/12/2024;18/12/2024;;
C000486;Audrey;Hubert;#photo, peinture#;0600000481;non;18/12/2024;18/12/2024;;
C000487;Zoé;Martineau;#photo, peinture#;0600000482;non;18/12/2024;18/12/2024;;
C000488;Sandra;Daniel;#photo, peinture#;0600000483;non;18/12/2024;18/12/2024;;
C000489;Hugo;Moulin;#photo, peinture#;0600000484;non;18/12/2024;18/12/2024;;
C000490;Esteban;Dubois;#photo, peinture#;0600000485;non;18/12/2024;18/12/2024;;
C000491;Enzo;Robin;#photo, peinture#;0600000486;non;18/12/2024;18/12/2024;;
C000492;Léa;David;#photo, peinture#;0600000487;non;18/12/2024;18/12/2024;;
C000493;Nathan;Marchand;#photo, peinture#;0600000488;non;18/12/2024;18/12/2024;;
C000494;Noé;Lebrun;#photo, peinture#;0600000489;non;18/12/2024;18/12/2024;;
C000495;Ethan;Leroy;#photo, peinture#;0600000490;non;18/12/2024;18/12/2024;;
C000496;Marine;Bonnet;#photo, peinture#;0600000491;non;18/12/2024;18/12/2024;;
C000497;Corentin;Alexandre;#photo, peinture#;0600000492;non;18/12/2024;18/12/2024;;
C000498;Nicolas;Schmitt;#photo, peinture#;0600000493;non;18/12/2024;18/12/2024;;
C000499;Bastien;Laurent;#photo, peinture#;0600000494;non;18/12/2024;18/12/2024;;
C000500;Jérémy;Lefèvre;#photo, peinture#;0600000495;non;18/12/2024;18/12/2024;;
C000501;Baptiste;Lebrun;#photo, peinture#;0600000496;non;18/12/2024;18/12/2024;;
C000502;Rémi;Vidal;#photo, peinture#;0600000497;non;18/12/2024;18/12/2024;;
C000503;Julien;Schmitt;#photo, peinture#;0600000498;non;18/12/2024;18/12/2024;;
C000504;Arthur;Vidal;#photo, peinture#;0600000499;non;18/12/2024;18/12/2024;;
C000505;Romane;Leclerc;#photo, peinture#;0600000500;non;18/12/2024;18/12/2024;;
C000506;Tom;Monnier;#photo, peinture#;0600000501;non;18/12/2024;18/12/2024;;
C000507;Vincent;Da Silva;#photo, peinture#;0600000502;non;18/12/2024;18/12/2024;;
C000508;Romane;Jacob;#photo, peinture#;0600000503;non;18/12/2024;18/12/2024;;
C000509;Bastien;Leroy;#photo, peinture#;0600000504;non;18/12/2024;18/12/2024;;
C000510;Théo;Dupont;#photo, peinture#;0600000505;non;18/12/2024;18/12/2024;;
C000511;Vincent;Bonnet;#photo, peinture#;0600000506;non;18/12/2024;18/12/2024;;
C000512;Martin;Payet;#photo, peinture#;0600000507;non;18/12/2024;18/12/2024;;
C000513;Gaël;Masson;#photo, peinture#;0600000508;non;18/12/2024;18/12/2024;;
C000514;Kevin;Morel;#photo, peinture#;0600000509;non;18/12/2024;18/12/2024;;
C000515;Laura;Daniel;#photo, peinture#;0600000510;non;18/12/2024;18/12/2024;;
C000516;Arthur;Marchand;#photo, peinture#;0600000511;non;18/12/2024;18/12/2024;;
C000517;Bastien;Charles;#photo, peinture#;0600000512;non;18/12/2024;18/12/2024;;
C000518;Yann;Olivier;#photo, peinture#;0600000513;non;18/12/2024;18/12/2024;;
C000519;Mathilde;Gillet;#photo, peinture#;0600000514;non;18/12/2024;18/12/2024;;
C000520;Valentin;Renard;#photo, peinture#;0600000515;non;18/12/2024;18/12/2024;;
C000521;Jules;Pires;#photo, peinture#;0600000516;non;18/12/2024;18/12/2024;;
C000522;Lucas;Simon;#photo, peinture#;0600000517;non;18/12/2024;18/12/2024;;
C000523;Baptiste;Caron;#photo, peinture#;0600000518;non;18/12/2024;18/12/2024;;
C000524;Pauline;Meyer;#photo, peinture#;0600000519;non;18/12/2024;18/12/2024;;
C000525;Yann;Leroy;#photo, peinture#;0600000520;non;18/12/2024;18/12/2024;;
C000526;Amélie;Mathieu;#photo, peinture#;0600000521;non;18/12/2024;18/12/2024;;
C000527;Bastien;Jacques;#photo, peinture#;0600000522;non;18/12/2024;18/12/2024;;
C000528;Zoé;François;#photo, peinture#;0600000523;non;18/12/2024;18/12/2024;;
C000529;Amandine;Vidal;#photo, peinture#;0600000524;non;18/12/2024;18/12/2024;;
C000530;Sandra;Martineau;#photo, peinture#;0600000525;non;18/12/2024;18/12/2024;;
C000531;Hugo;Moulin;#photo, peinture#;0600000526;non;18/12/2024;18/12/2024;;
C000532;Timéo;Dupuis;#photo, peinture#;0600000527;non;18/12/2024;18/12/2024;;
C000533;Pierre;Caron;#photo, peinture#;0600000528;non;18/12/2024;18/12/2024;;
C000534;Félix;Laurent;#photo, peinture#;0600000529;non;18/12/2024;18/12/2024;;
C000535;Gaël;Morin;#photo, peinture#;0600000530;non;18/12/2024;18/12/2024;;
C000536;Baptiste;Perrin;#photo, peinture#;0600000531;non;18/12/2024;18/12/2024;;
C000537;Simon;Martinez;#photo, peinture#;0600000532;non;18/12/2024;18/12/2024;;
C000538;Martin;Carpentier;#photo, peinture#;0600000533;non;18/12/2024;18/12/2024;;
C000539;Noé;Dufour;#photo, peinture#;0600000534;non;18/12/2024;18/12/2024;;
C000540;Jules;Brunet;#photo, peinture#;0600000535;non;18/12/2024;18/12/2024;;
C000541;Anouk;Blanc;#photo, peinture#;0600000536;non;18/12/2024;18/12/2024;;
C000542;Ethan;Laurent;#photo, peinture#;0600000537;non;18/12/2024;18/12/2024;;
C000543;Alice;Olivier;#photo, peinture#;0600000538;non;18/12/2024;18/12/2024;;
C000544;Ninon;Masson;#photo, peinture#;0600000539;non;18/12/2024;18/12/2024;;
C000545;Benjamin;Alexandre;#photo, peinture#;0600000540;non;18/12/2024;18/12/2024;;
C000546;Sonia;Garcia;#photo, peinture#;0600000541;non;18/12/2024;18/12/2024;;
C000547;Noé;Dupont;#photo, peinture#;0600000542;non;18/12/2024;18/12/2024;;
C000548;Corentin;Denis;#photo, peinture#;0600000543;non;18/12/2024;18/12/2024;;
C000549;Robin;Chevalier;#photo, peinture#;0600000544;non;18/12/2024;18/12/2024;;
C000550;Mathieu;Nguyen;#photo, peinture#;0600000545;non;18/12/2024;18/12/2024;;
C000551;Bastien;Perrot;#photo, peinture#;0600000546;non;18/12/2024;18/12/2024;;
C000552;Mathilde;Fontaine;#photo, peinture#;0600000547;non;18/12/2024;18/12/2024;;
C000553;Élise;Monnier;#photo, peinture#;0600000548;non;18/12/2024;18/12/2024;;
C000554;Thomas;André;#photo, peinture#;0600000549;non;18/12/2024;18/12/2024;;
C000555;Damien;Martinez;#photo, peinture#;0600000550;non;18/12/2024;18/12/2024;;
C000556;Florian;Thomas;#photo, peinture#;0600000551;non;18/12/2024;18/12/2024;;
C000557;Yannis;Brunel;#photo, peinture#;0600000552;non;18/12/2024;18/12/2024;;
C000558;Baptiste;Jacob;#photo, peinture#;0600000553;non;18/12/2024;18/12/2024;;
C000559;Emma;Robert;#photo, peinture#;0600000554;non;18/12/2024;18/12/2024;;
C000560;Sonia;Mathieu;#photo, peinture#;0600000555;non;18/12/2024;18/12/2024;;
C000561;Élise;Brunet;#photo, peinture#;0600000556;non;18/12/2024;18/12/2024;;
C000562;Mathieu;Dubois;#photo, peinture#;0600000557;non;18/12/2024;18/12/2024;;
C000563;Emma;Gautier;#photo, peinture#;0600000558;non;18/12/2024;18/12/2024;;
C000564;Chloé;Martineau;#photo, peinture#;0600000559;non;18/12/2024;18/12/2024;;
C000565;Agathe;Renaud;#photo, peinture#;0600000560;non;18/12/2024;18/12/2024;;
C000566;Jules;Mercier;#photo, peinture#;0600000561;non;18/12/2024;18/12/2024;;
C000567;Théo;Perrot;#photo, peinture#;0600000562;non;18/12/2024;18/12/2024;;
C000568;Antoine;Perrin;#photo, peinture#;0600000563;non;18/12/2024;18/12/2024;;
C000569;Victoria;Roger;#photo, peinture#;0600000564;non;18/12/2024;18/12/2024;;
C000570;Emma;François;#photo, peinture#;0600000565;non;18/12/2024;18/12/2024;;
C000571;Loïc;Leroy;#photo, peinture#;0600000566;non;18/12/2024;18/12/2024;;
C000572;Gabriel;Dupont;#photo, peinture#;0600000567;non;18/12/2024;18/12/2024;;
C000573;Mathilde;Millet;#photo, peinture#;0600000568;non;18/12/2024;18/12/2024;;
C000574;Lucas;Martinez;#photo, peinture#;0600000569;non;18/12/2024;18/12/2024;;
C000575;Maëlys;Robert;#photo, peinture#;0600000570;non;18/12/2024;18/12/2024;;
C000576;Florian;Nguyen;#photo, peinture#;0600000571;non;18/12/2024;18/12/2024;;
C000577;Lucie;Vidal;#photo, peinture#;0600000572;non;18/12/2024;18/12/2024;;
C000578;Julien;Lefebvre;#photo, peinture#;0600000573;non;18/12/2024;18/12/2024;;
C000579;Camille;Nguyen;#photo, peinture#;0600000574;non;18/12/2024;18/12/2024;;
C000580;Raphaël;Dupuis;#photo, peinture#;0600000575;non;18/12/2024;18/12/2024;;
C000581;Marine;Brunel;#photo, peinture#;0600000576;non;18/12/2024;18/12/2024;;
C000582;Maëlle;Garnier;#photo, peinture#;0600000577;non;18/12/2024;18/12/2024;;
C000583;Marion;Jacob;#photo, peinture#;0600000578;non;18/12/2024;18/12/2024;;
C000584;Jeanne;Leroy;#photo, peinture#;0600000579;non;18/12/2024;18/12/2024;;
C000585;Lucie;Giraud;#photo, peinture#;0600000580;non;18/12/2024;18/12/2024;;
C000586;Arnaud;Caron;#photo, peinture#;0600000581;non;18/12/2024;18/12/2024;;
C000587;Anouk;Pelletier;#photo, peinture#;0600000582;non;18/12/2024;18/12/2024;;
C000588;Clémence;Martineau;#photo, peinture#;0600000583;non;18/12/2024;18/12/2024;;
C000589;Marion;Martin;#photo, peinture#;0600000584;non;18/12/2024;18/12/2024;;
C000590;Gaël;Moreau;#photo, peinture#;0600000585;non;18/12/2024;18/12/2024;;
C000591;Théo;Dufour;#photo, peinture#;0600000586;non;18/12/2024;18/12/2024;;
C000592;Gabriel;Gautier;#photo, peinture#;0600000587;non;18/12/2024;18/12/2024;;
C000593;Olivier;Masson;#photo, peinture#;0600000588;non;18/12/2024;18/12/2024;;
C000594;Mélanie;Dupont;#photo, peinture#;0600000589;non;18/12/2024;18/12/2024;;
C000595;Juliette;Lemoine;#photo, peinture#;0600000590;non;18/12/2024;18/12/2024;;
C000596;Zoé;Fernandez;#photo, peinture#;0600000591;non;18/12/2024;18/12/2024;;
C000597;Martin;Legrand;#photo, peinture#;0600000592;non;18/12/2024;18/12/2024;;
C000598;Zoé;Mathieu;#photo, peinture#;0600000593;non;18/12/2024;18/12/2024;;
C000599;Tom;Faure;#photo, peinture#;0600000594;non;18/12/2024;18/12/2024;;
C000600;Léon;Michel;#photo, peinture#;0600000595;non;18/12/2024;18/12/2024;;
C000601;Jade;Rey;#photo, peinture#;0600000596;non;18/12/2024;18/12/2024;;
C000602;Hugo;Millet;#photo, peinture#;0600000597;non;18/12/2024;18/12/2024;;
C000603;Tristan;Simon;#photo, peinture#;0600000598;non;18/12/2024;18/12/2024;;
C000604;Quentin;Thomas;#photo, peinture#;0600000599;non;18/12/2024;18/12/2024;;
C000605;Clément;Brun;#photo, peinture#;0600000600;non;18/12/2024;18/12/2024;;
C000606;Amandine;Fournier;#photo, peinture#;0600000601;non;18/12/2024;18/12/2024;;
C000607;Léa;Daniel;#photo, peinture#;0600000602;non;18/12/2024;18/12/2024;;
C000608;Jonathan;Robin;#photo, peinture#;0600000603;non;18/12/2024;18/12/2024;;
C000609;Zoé;Lefèvre;#photo, peinture#;0600000604;non;18/12/2024;18/12/2024;;
C000610;Damien;Michel;#photo, peinture#;0600000605;non;18/12/2024;18/12/2024;;
C000611;Sophie;Bertrand;#photo, peinture#;0600000606;non;18/12/2024;18/12/2024;;
C000612;Théo;Brunel;#photo, peinture#;0600000607;non;18/12/2024;18/12/2024;;
C000613;Carla;Carpentier;#photo, peinture#;0600000608;non;18/12/2024;18/12/2024;;
C000614;Clémence;Philippe;#photo, peinture#;0600000609;non;18/12/2024;18/12/2024;;
C000615;Guillaume;Morin;#photo, peinture#;0600000610;non;18/12/2024;18/12/2024;;
C000616;Julien;Leclerc;#photo, peinture#;0600000611;non;18/12/2024;18/12/2024;;
C000617;Noé;Vincent;#photo, peinture#;0600000612;non;18/12/2024;18/12/2024;;
C000618;Pierre;Schmitt;#photo, peinture#;0600000613;non;18/12/2024;18/12/2024;;
C000619;Vincent;Mathieu;#photo, peinture#;0600000614;non;18/12/2024;18/12/2024;;
C000620;Nicolas;Robert;#photo, peinture#;0600000615;non;18/12/2024;18/12/2024;;
C000621;Timéo;Renaud;#photo, peinture#;0600000616;non;18/12/2024;18/12/2024;;
C000622;Élodie;Robin;#photo, peinture#;0600000617;non;18/12/2024;18/12/2024;;
C000623;Charlotte;Daniel;#photo, peinture#;0600000618;non;18/12/2024;18/12/2024;;
C000624;Yannis;Simon;#photo, peinture#;0600000619;non;18/12/2024;18/12/2024;;
C000625;Inès;Morel;#photo, peinture#;0600000620;non;18/12/2024;18/12/2024;;
C000626;Quentin;Pelletier;#photo, peinture#;0600000621;non;18/12/2024;18/12/2024;;
C000627;Noé;Garcia;#photo, peinture#;0600000622;non;18/12/2024;18/12/2024;;
C000628;Lucas;Chevalier;#photo, peinture#;0600000623;non;18/12/2024;18/12/2024;;
C000629;Yannis;Mathieu;#photo, peinture#;0600000624;non;18/12/2024;18/12/2024;;
C000630;Julien;Pelletier;#photo, peinture#;0600000625;non;18/12/2024;18/12/2024;;
C000631;Lucas;Charles;#photo, peinture#;0600000626;non;18/12/2024;18/12/2024;;
C000632;Pauline;Martin;#photo, peinture#;0600000627;non;18/12/2024;18/12/2024;;
C000633;Élise;Leroy;#photo, peinture#;0600000628;non;18/12/2024;18/12/2024;;
C000634;Clémence;Giraud;#photo, peinture#;0600000629;non;18/12/2024;18/12/2024;;
C000635;Enzo;Mercier;#photo, peinture#;0600000630;non;18/12/2024;18/12/2024;;
C000636;Romain;Vincent;#photo, peinture#;0600000631;non;18/12/2024;18/12/2024;;
C000637;Zoé;Lefèvre;#photo, peinture#;0600000632;non;18/12/2024;18/12/2024;;
C000638;Maëlle;Brunel;#photo, peinture#;0600000633;non;18/12/2024;18/12/2024;;
C000639;Yann;Vincent;#photo, peinture#;0600000634;non;18/12/2024;18/12/2024;;
C000640;Margaux;Brunel;#photo, peinture#;0600000635;non;18/12/2024;18/12/2024;;
C000641;Baptiste;Fournier;#photo, peinture#;0600000636;non;18/12/2024;18/12/2024;;
C000642;Élise;André;#photo, peinture#;0600000637;non;18/12/2024;18/12/2024;;
C000643;Ethan;David;#photo, peinture#;0600000638;non;18/12/2024;18/12/2024;;
C000644;Rémi;Bernard;#photo, peinture#;0600000639;non;18/12/2024;18/12/2024;;
C000645;Pauline;Roy;#photo, peinture#;0600000640;non;18/12/2024;18/12/2024;;
C000646;Hugo;Carpentier;#photo, peinture#;0600000641;non;18/12/2024;18/12/2024;;
C000647;Léon;Renard;#photo, peinture#;0600000642;non;18/12/2024;18/12/2024;;
C000648;Théo;Brunel;#photo, peinture#;0600000643;non;18/12/2024;18/12/2024;;
C000649;Adrien;Denis;#photo, peinture#;0600000644;non;18/12/2024;18/12/2024;;
C000650;Jérémy;Millet;#photo, peinture#;0600000645;non;18/12/2024;18/12/2024;;
C000651;Audrey;Lemoine;#photo, peinture#;0600000646;non;18/12/2024;18/12/2024;;
C000652;Damien;Chevalier;#photo, peinture#;0600000647;non;18/12/2024;18/12/2024;;
C000653;Félix;Simon;#photo, peinture#;0600000648;non;18/12/2024;18/12/2024;;
C000654;Robin;Garcia;#photo, peinture#;0600000649;non;18/12/2024;18/12/2024;;
C000655;Laura;Dupuis;#photo, peinture#;0600000650;non;18/12/2024;18/12/2024;;
C000656;David;Giraud;#photo, peinture#;0600000651;non;18/12/2024;18/12/2024;;
C000657;Anouk;Dufour;#photo, peinture#;0600000652;non;18/12/2024;18/12/2024;;
C000658;Noé;David;#photo, peinture#;0600000653;non;18/12/2024;18/12/2024;;
C000659;Vincent;Robin;#photo, peinture#;0600000654;non;18/12/2024;18/12/2024;;
C000660;Théo;Moulin;#photo, peinture#;0600000655;non;18/12/2024;18/12/2024;;
C000661;Sophie;Fournier;#photo, peinture#;0600000656;non;18/12/2024;18/12/2024;;
C000662;Gaël;Caron;#photo, peinture#;0600000657;non;18/12/2024;18/12/2024;;
C000663;Mathilde;Vincent;#photo, peinture#;0600000658;non;18/12/2024;18/12/2024;;
C000664;Raphaël;Thomas;#photo, peinture#;0600000659;non;18/12/2024;18/12/2024;;
C000665;Kevin;Leroy;#photo, peinture#;0600000660;non;18/12/2024;18/12/2024;;
C000666;Sophie;Morin;#photo, peinture#;0600000661;non;18/12/2024;18/12/2024;;
C000667;Léon;Moreau;#photo, peinture#;0600000662;non;18/12/2024;18/12/2024;;
C000668;Tom;Daniel;#photo, peinture#;0600000663;non;18/12/2024;18/12/2024;;
C000669;Rémi;Brunet;#photo, peinture#;0600000664;non;18/12/2024;18/12/2024;;
C000670;Fabien;Martineau;#photo, peinture#;0600000665;non;18/12/2024;18/12/2024;;
C000671;Hugo;Bonnet;#photo, peinture#;0600000666;non;18/12/2024;18/12/2024;;
C000672;Noé;Richard;#photo, peinture#;0600000667;non;18/12/2024;18/12/2024;;
C000673;Kevin;Lambert;#photo, peinture#;0600000668;non;18/12/2024;18/12/2024;;
C000674;Léo;Foucher;#photo, peinture#;0600000669;non;18/12/2024;18/12/2024;;
C000675;Valentin;Pelletier;#photo, peinture#;0600000670;non;18/12/2024;18/12/2024;;
C000676;Emma;Daniel;#photo, peinture#;0600000671;non;18/12/2024;18/12/2024;;
C000677;Florian;Rey;#photo, peinture#;0600000672;non;18/12/2024;18/12/2024;;
C000678;Nicolas;Rousseau;#photo, peinture#;0600000673;non;18/12/2024;18/12/2024;;
C000679;Chloé;Thomas;#photo, peinture#;0600000674;non;18/12/2024;18/12/2024;;
C000680;Damien;Marchand;#photo, peinture#;0600000675;non;18/12/2024;18/12/2024;;
C000681;Élise;Morel;#photo, peinture#;0600000676;non;18/12/2024;18/12/2024;;
C000682;Simon;Caron;#photo, peinture#;0600000677;non;18/12/2024;18/12/2024;;
C000683;Mélanie;Gillet;#photo, peinture#;0600000678;non;18/12/2024;18/12/2024;;
C000684;Chloé;Girard;#photo, peinture#;0600000679;non;18/12/2024;18/12/2024;;
C000685;Antoine;Martin;#photo, peinture#;0600000680;non;18/12/2024;18/12/2024;;
C000686;Vincent;Rolland;#photo, peinture#;0600000681;non;18/12/2024;18/12/2024;;
C000687;Charlotte;Lambert;#photo, peinture#;0600000682;non;18/12/2024;18/12/2024;;
C000688;Élodie;Blanchard;#photo, peinture#;0600000683;non;18/12/2024;18/12/2024;;
C000689;Gaël;Prevost;#photo, peinture#;0600000684;non;18/12/2024;18/12/2024;;
C000690;Jonathan;Daniel;#photo, peinture#;0600000685;non;18/12/2024;18/12/2024;;
C000691;Rémi;Meyer;#photo, peinture#;0600000686;non;18/12/2024;18/12/2024;;
C000692;Quentin;Blanc;#photo, peinture#;0600000687;non;18/12/2024;18/12/2024;;
C000693;Nathan;Meyer;#photo, peinture#;0600000688;non;18/12/2024;18/12/2024;;
C000694;Baptiste;Faure;#photo, peinture#;0600000689;non;18/12/2024;18/12/2024;;
C000695;Victoria;Morin;#photo, peinture#;0600000690;non;18/12/2024;18/12/2024;;
C000696;Nicolas;Morin;#photo, peinture#;0600000691;non;18/12/2024;18/12/2024;;
C000697;Anaïs;Simon;#photo, peinture#;0600000692;non;18/12/2024;18/12/2024;;
C000698;Margaux;Dupont;#photo, peinture#;0600000693;non;18/12/2024;18/12/2024;;
C000699;Mathieu;Roger;#photo, peinture#;0600000694;non;18/12/2024;18/12/2024;;
C000700;Jules;Fontaine;#photo, peinture#;0600000695;non;18/12/2024;18/12/2024;;
C000701;Pierre;Philippe;#photo, peinture#;0600000696;non;18/12/2024;18/12/2024;;
C000702;Baptiste;Martin;#photo, peinture#;0600000697;non;18/12/2024;18/12/2024;;
C000703;Arnaud;Pelletier;#photo, peinture#;0600000698;non;18/12/2024;18/12/2024;;
C000704;Ninon;Thomas;#photo, peinture#;0600000699;non;18/12/2024;18/12/2024;;
C000705;Quentin;Lemoine;#photo, peinture#;0600000700;non;18/12/2024;18/12/2024;;
C000706;Sonia;Carpentier;#photo, peinture#;0600000701;non;18/12/2024;18/12/2024;;
C000707;Carla;Masson;#photo, peinture#;0600000702;non;18/12/2024;18/12/2024;;
C000708;Léon;Robert;#photo, peinture#;0600000703;non;18/12/2024;18/12/2024;;
C000709;Maxime;Lambert;#photo, peinture#;0600000704;non;18/12/2024;18/12/2024;;
C000710;Pauline;Legrand;#photo, peinture#;0600000705;non;18/12/2024;18/12/2024;;
C000711;Sandra;Marchand;#photo, peinture#;0600000706;non;18/12/2024;18/12/2024;;
C000712;Élodie;Roux;#photo, peinture#;0600000707;non;18/12/2024;18/12/2024;;
C000713;Jade;Schmitt;#photo, peinture#;0600000708;non;18/12/2024;18/12/2024;;
C000714;Félix;Hubert;#photo, peinture#;0600000709;non;18/12/2024;18/12/2024;;
C000715;Lucie;Garcia;#photo, peinture#;0600000710;non;18/12/2024;18/12/2024;;
C000716;Nathan;Marchand;#photo, peinture#;0600000711;non;18/12/2024;18/12/2024;;
C000717;Enzo;Blanchard;#photo, peinture#;0600000712;non;18/12/2024;18/12/2024;;
C000718;Sonia;Rousseau;#photo, peinture#;0600000713;non;18/12/2024;18/12/2024;;
C000719;Louis;Lambert;#photo, peinture#;0600000714;non;18/12/2024;18/12/2024;;
C000720;Damien;Millet;#photo, peinture#;0600000715;non;18/12/2024;18/12/2024;;
C000721;David;Da Silva;#photo, peinture#;0600000716;non;18/12/2024;18/12/2024;;
C000722;Enzo;Brun;#photo, peinture#;0600000717;non;18/12/2024;18/12/2024;;
C000723;Arnaud;Bonnet;#photo, peinture#;0600000718;non;18/12/2024;18/12/2024;;
C000724;Maëlys;Lambert;#photo, peinture#;0600000719;non;18/12/2024;18/12/2024;;
C000725;Solène;Millet;#photo, peinture#;0600000720;non;18/12/2024;18/12/2024;;
C000726;Benjamin;Dupont;#photo, peinture#;0600000721;non;18/12/2024;18/12/2024;;
C000727;Amélie;Lopez;#photo, peinture#;0600000722;non;18/12/2024;18/12/2024;;
C000728;Théo;Rousseau;#photo, peinture#;0600000723;non;18/12/2024;18/12/2024;;
C000729;Marine;Foucher;#photo, peinture#;0600000724;non;18/12/2024;18/12/2024;;
C000730;Martin;Blanchard;#photo, peinture#;0600000725;non;18/12/2024;18/12/2024;;
C000731;Agathe;Hubert;#photo, peinture#;0600000726;non;18/12/2024;18/12/2024;;
C000732;Simon;Blanc;#photo, peinture#;0600000727;non;18/12/2024;18/12/2024;;
C000733;Solène;Giraud;#photo, peinture#;0600000728;non;18/12/2024;18/12/2024;;
C000734;Thomas;Dupont;#photo, peinture#;0600000729;non;18/12/2024;18/12/2024;;
C000735;Élise;Blanc;#photo, peinture#;0600000730;non;18/12/2024;18/12/2024;;
C000736;Marine;André;#photo, peinture#;0600000731;non;18/12/2024;18/12/2024;;
C000737;Pauline;Bouvier;#photo, peinture#;0600000732;non;18/12/2024;18/12/2024;;
C000738;Félix;Charles;#photo, peinture#;0600000733;non;18/12/2024;18/12/2024;;
C000739;Hugo;François;#photo, peinture#;0600000734;non;18/12/2024;18/12/2024;;
C000740;Vincent;Charles;#photo, peinture#;0600000735;non;18/12/2024;18/12/2024;;
C000741;Vincent;Brunel;#photo, peinture#;0600000736;non;18/12/2024;18/12/2024;;
C000742;Maëlle;Laurent;#photo, peinture#;0600000737;non;18/12/2024;18/12/2024;;
C000743;Juliette;Morel;#photo, peinture#;0600000738;non;18/12/2024;18/12/2024;;
C000744;Pierre;Mathieu;#photo, peinture#;0600000739;non;18/12/2024;18/12/2024;;
C000745;Tom;Brun;#photo, peinture#;0600000740;non;18/12/2024;18/12/2024;;
C000746;Pierre;Roger;#photo, peinture#;0600000741;non;18/12/2024;18/12/2024;;
C000747;Léon;Lambert;#photo, peinture#;0600000742;non;18/12/2024;18/12/2024;;
C000748;Corentin;André;#photo, peinture#;0600000743;non;18/12/2024;18/12/2024;;
C000749;Audrey;Daniel;#photo, peinture#;0600000744;non;18/12/2024;18/12/2024;;
C000750;Pierre;Gauthier;#photo, peinture#;0600000745;non;18/12/2024;18/12/2024;;
C000751;Maëlys;Dupuis;#photo, peinture#;0600000746;non;18/12/2024;18/12/2024;;
C000752;Noémie;Carpentier;#photo, peinture#;0600000747;non;18/12/2024;18/12/2024;;
C000753;Stéphane;Morin;#photo, peinture#;0600000748;non;18/12/2024;18/12/2024;;
C000754;Margaux;Simon;#photo, peinture#;0600000749;non;18/12/2024;18/12/2024;;
C000755;Maxime;Morel;#photo, peinture#;0600000750;non;18/12/2024;18/12/2024;;
C000756;Carla;Rey;#photo, peinture#;0600000751;non;18/12/2024;18/12/2024;;
C000757;Noé;Thomas;#photo, peinture#;0600000752;non;18/12/2024;18/12/2024;;
C000758;Amélie;Meyer;#photo, peinture#;0600000753;non;18/12/2024;18/12/2024;;
C000759;Camille;Vidal;#photo, peinture#;0600000754;non;18/12/2024;18/12/2024;;
C000760;Fabien;Barbier;#photo, peinture#;0600000755;non;18/12/2024;18/12/2024;;
C000761;Clémence;Moulin;#photo, peinture#;0600000756;non;18/12/2024;18/12/2024;;
C000762;Mathéo;Pelletier;#photo, peinture#;0600000757;non;18/12/2024;18/12/2024;;
C000763;Lucie;Vincent;#photo, peinture#;0600000758;non;18/12/2024;18/12/2024;;
C000764;Maëlys;Mercier;#photo, peinture#;0600000759;non;18/12/2024;18/12/2024;;
C000765;Noé;Lefèvre;#photo, peinture#;0600000760;non;18/12/2024;18/12/2024;;
C000766;Anaïs;André;#photo, peinture#;0600000761;non;18/12/2024;18/12/2024;;
C000767;Romane;Alexandre;#photo, peinture#;0600000762;non;18/12/2024;18/12/2024;;
C000768;Julien;Bernard;#photo, peinture#;0600000763;non;18/12/2024;18/12/2024;;
C000769;Corentin;Martinez;#photo, peinture#;0600000764;non;18/12/2024;18/12/2024;;
C000770;Jeanne;Jacques;#photo, peinture#;0600000765;non;18/12/2024;18/12/2024;;
C000771;Jules;Roy;#photo, peinture#;0600000766;non;18/12/2024;18/12/2024;;
C000772;Victoria;Lefèvre;#photo, peinture#;0600000767;non;18/12/2024;18/12/2024;;
C000773;Damien;Philippe;#photo, peinture#;0600000768;non;18/12/2024;18/12/2024;;
C000774;Esteban;Nguyen;#photo, peinture#;0600000769;non;18/12/2024;18/12/2024;;
C000775;Ninon;Robin;#photo, peinture#;0600000770;non;18/12/2024;18/12/2024;;
C000776;Nathan;Lopez;#photo, peinture#;0600000771;non;18/12/2024;18/12/2024;;
C000777;Laura;Marchand;#photo, peinture#;0600000772;non;18/12/2024;18/12/2024;;
C000778;Solène;Prevost;#photo, peinture#;0600000773;non;18/12/2024;18/12/2024;;
C000779;Romain;Vidal;#photo, peinture#;0600000774;non;18/12/2024;18/12/2024;;
C000780;Lucas;Giraud;#photo, peinture#;0600000775;non;18/12/2024;18/12/2024;;
C000781;Marine;André;#photo, peinture#;0600000776;non;18/12/2024;18/12/2024;;
C000782;Loïc;Monnier;#photo, peinture#;0600000777;non;18/12/2024;18/12/2024;;
C000783;Simon;Nguyen;#photo, peinture#;0600000778;non;18/12/2024;18/12/2024;;
C000784;Mathieu;François;#photo, peinture#;0600000779;non;18/12/2024;18/12/2024;;
C000785;Stéphane;Fontaine;#photo, peinture#;0600000780;non;18/12/2024;18/12/2024;;
C000786;Juliette;Denis;#photo, peinture#;0600000781;non;18/12/2024;18/12/2024;;
C000787;Simon;Page;#photo, peinture#;0600000782;non;18/12/2024;18/12/2024;;
C000788;Stéphane;Morel;#photo, peinture#;0600000783;non;18/12/2024;18/12/2024;;
C000789;Jonathan;Page;#photo, peinture#;0600000784;non;18/12/2024;18/12/2024;;
C000790;Baptiste;Denis;#photo, peinture#;0600000785;non;18/12/2024;18/12/2024;;
C000791;Tristan;Masson;#photo, peinture#;0600000786;non;18/12/2024;18/12/2024;;
C000792;Noé;Robert;#photo, peinture#;0600000787;non;18/12/2024;18/12/2024;;
C000793;Bastien;Nguyen;#photo, peinture#;0600000788;non;18/12/2024;18/12/2024;;
C000794;Victoria;Lemoine;#photo, peinture#;0600000789;non;18/12/2024;18/12/2024;;
C000795;Loïc;Lambert;#photo, peinture#;0600000790;non;18/12/2024;18/12/2024;;
C000796;Mathieu;Michel;#photo, peinture#;0600000791;non;18/12/2024;18/12/2024;;
C000797;Juliette;Bernard;#photo, peinture#;0600000792;non;18/12/2024;18/12/2024;;
C000798;Nathan;Leroy;#photo, peinture#;0600000793;non;18/12/2024;18/12/2024;;
C000799;Guillaume;Pelletier;#photo, peinture#;0600000794;non;18/12/2024;18/12/2024;;
C000800;Camille;Alexandre;#photo, peinture#;0600000795;non;18/12/2024;18/12/2024;;
C000801;Marion;Pelletier;#photo, peinture#;0600000796;non;18/12/2024;18/12/2024;;
C000802;Baptiste;Bonnet;#photo, peinture#;0600000797;non;18/12/2024;18/12/2024;;
C000803;Noémie;Fontaine;#photo, peinture#;0600000798;non;18/12/2024;18/12/2024;;
C000804;Enzo;Hubert;#photo, peinture#;0600000799;non;18/12/2024;18/12/2024;;
C000805;Arthur;Nguyen;#photo, peinture#;0600000800;non;18/12/2024;18/12/2024;;
C000806;Sandra;André;#photo, peinture#;0600000801;non;18/12/2024;18/12/2024;;
C000807;Chloé;Hubert;#photo, peinture#;0600000802;non;18/12/2024;18/12/2024;;
C000808;Julien;Leclerc;#photo, peinture#;0600000803;non;18/12/2024;18/12/2024;;
C000809;Mathilde;Perrin;#photo, peinture#;0600000804;non;18/12/2024;18/12/2024;;
C000810;Margaux;Lopez;#photo, peinture#;0600000805;non;18/12/2024;18/12/2024;;
C000811;Benjamin;Prevost;#photo, peinture#;0600000806;non;18/12/2024;18/12/2024;;
C000812;Hugo;Moreau;#photo, peinture#;0600000807;non;18/12/2024;18/12/2024;;
C000813;Manon;Prevost;#photo, peinture#;0600000808;non;18/12/2024;18/12/2024;;
C000814;Anaïs;Richard;#photo, peinture#;0600000809;non;18/12/2024;18/12/2024;;
C000815;Mathéo;Giraud;#photo, peinture#;0600000810;non;18/12/2024;18/12/2024;;
C000816;Clémence;Fernandez;#photo, peinture#;0600000811;non;18/12/2024;18/12/2024;;
C000817;Victoria;Garcia;#photo, peinture#;0600000812;non;18/12/2024;18/12/2024;;
C000818;Jules;Lebrun;#photo, peinture#;0600000813;non;18/12/2024;18/12/2024;;
C000819;Lucie;Roux;#photo, peinture#;0600000814;non;18/12/2024;18/12/2024;;
C000820;Jonathan;Michel;#photo, peinture#;0600000815;non;18/12/2024;18/12/2024;;
C000821;Romain;Morel;#photo, peinture#;0600000816;non;18/12/2024;18/12/2024;;
C000822;Vincent;Rey;#photo, peinture#;0600000817;non;18/12/2024;18/12/2024;;
C000823;Martin;Laurent;#photo, peinture#;0600000818;non;18/12/2024;18/12/2024;;
C000824;Antoine;Lefebvre;#photo, peinture#;0600000819;non;18/12/2024;18/12/2024;;
C000825;Fabien;Martineau;#photo, peinture#;0600000820;non;18/12/2024;18/12/2024;;
C000826;Raphaël;Daniel;#photo, peinture#;0600000821;non;18/12/2024;18/12/2024;;
C000827;Enzo;Daniel;#photo, peinture#;0600000822;non;18/12/2024;18/12/2024;;
C000828;Victoria;Rolland;#photo, peinture#;0600000823;non;18/12/2024;18/12/2024;;
C000829;Thomas;Petit;#photo, peinture#;0600000824;non;18/12/2024;18/12/2024;;
C000830;Timéo;Gauthier;#photo, peinture#;0600000825;non;18/12/2024;18/12/2024;;
C000831;Antoine;Dubois;#photo, peinture#;0600000826;non;18/12/2024;18/12/2024;;
C000832;Mathieu;Bonnet;#photo, peinture#;0600000827;non;18/12/2024;18/12/2024;;
C000833;Agathe;Page;#photo, peinture#;0600000828;non;18/12/2024;18/12/2024;;
C000834;Mélanie;Philippe;#photo, peinture#;0600000829;non;18/12/2024;18/12/2024;;
C000835;Romane;Colin;#photo, peinture#;0600000830;non;18/12/2024;18/12/2024;;
C000836;Carla;Alexandre;#photo, peinture#;0600000831;non;18/12/2024;18/12/2024;;
C000837;Sarah;Marchand;#photo, peinture#;0600000832;non;18/12/2024;18/12/2024;;
C000838;Fabien;Brun;#photo, peinture#;0600000833;non;18/12/2024;18/12/2024;;
C000839;Martin;Faure;#photo, peinture#;0600000834;non;18/12/2024;18/12/2024;;
C000840;Léa;Garcia;#photo, peinture#;0600000835;non;18/12/2024;18/12/2024;;
C000841;Sarah;Garnier;#photo, peinture#;0600000836;non;18/12/2024;18/12/2024;;
C000842;Hugo;Thomas;#photo, peinture#;0600000837;non;18/12/2024;18/12/2024;;
C000843;Louis;Faure;#photo, peinture#;0600000838;non;18/12/2024;18/12/2024;;
C000844;Félix;Daniel;#photo, peinture#;0600000839;non;18/12/2024;18/12/2024;;
C000845;Baptiste;Roux;#photo, peinture#;0600000840;non;18/12/2024;18/12/2024;;
C000846;Amélie;Durand;#photo, peinture#;0600000841;non;18/12/2024;18/12/2024;;
C000847;Sonia;Lambert;#photo, peinture#;0600000842;non;18/12/2024;18/12/2024;;
C000848;Inès;Morin;#photo, peinture#;0600000843;non;18/12/2024;18/12/2024;;
C000849;Sonia;Page;#photo, peinture#;0600000844;non;18/12/2024;18/12/2024;;
C000850;Robin;Leroy;#photo, peinture#;0600000845;non;18/12/2024;18/12/2024;;
C000851;Juliette;Roux;#photo, peinture#;0600000846;non;18/12/2024;18/12/2024;;
C000852;Florian;Prevost;#photo, peinture#;0600000847;non;18/12/2024;18/12/2024;;
C000853;Amélie;André;#photo, peinture#;0600000848;non;18/12/2024;18/12/2024;;
C000854;Gabriel;Leroy;#photo, peinture#;0600000849;non;18/12/2024;18/12/2024;;
C000855;Adrien;Laurent;#photo, peinture#;0600000850;non;18/12/2024;18/12/2024;;
C000856;Hugo;Lambert;#photo, peinture#;0600000851;non;18/12/2024;18/12/2024;;
C000857;Maëlys;Lopez;#photo, peinture#;0600000852;non;18/12/2024;18/12/2024;;
C000858;Gabriel;Meyer;#photo, peinture#;0600000853;non;18/12/2024;18/12/2024;;
C000859;Raphaël;Fernandez;#photo, peinture#;0600000854;non;18/12/2024;18/12/2024;;
C000860;Charlotte;Rey;#photo, peinture#;0600000855;non;18/12/2024;18/12/2024;;
C000861;Sophie;Gillet;#photo, peinture#;0600000856;non;18/12/2024;18/12/2024;;
C000862;Esteban;Denis;#photo, peinture#;0600000857;non;18/12/2024;18/12/2024;;
C000863;Sarah;Bernard;#photo, peinture#;0600000858;non;18/12/2024;18/12/2024;;
C000864;Sonia;Durand;#photo, peinture#;0600000859;non;18/12/2024;18/12/2024;;
C000865;Noé;Caron;#photo, peinture#;0600000860;non;18/12/2024;18/12/2024;;
C000866;Jade;Girard;#photo, peinture#;0600000861;non;18/12/2024;18/12/2024;;
C000867;Clément;Bonnet;#photo, peinture#;0600000862;non;18/12/2024;18/12/2024;;
C000868;Maxime;Lambert;#photo, peinture#;0600000863;non;18/12/2024;18/12/2024;;
C000869;Gaël;Vidal;#photo, peinture#;0600000864;non;18/12/2024;18/12/2024;;
C000870;Nathan;Pires;#photo, peinture#;0600000865;non;18/12/2024;18/12/2024;;
C000871;Mathéo;Giraud;#photo, peinture#;0600000866;non;18/12/2024;18/12/2024;;
C000872;Victoria;Vidal;#photo, peinture#;0600000867;non;18/12/2024;18/12/2024;;
C000873;Emma;Rousseau;#photo, peinture#;0600000868;non;18/12/2024;18/12/2024;;
C000874;Léon;David;#photo, peinture#;0600000869;non;18/12/2024;18/12/2024;;
C000875;Baptiste;Nguyen;#photo, peinture#;0600000870;non;18/12/2024;18/12/2024;;
C000876;Amélie;Fontaine;#photo, peinture#;0600000871;non;18/12/2024;18/12/2024;;
C000877;David;Dubois;#photo, peinture#;0600000872;non;18/12/2024;18/12/2024;;
C000878;Enzo;Payet;#photo, peinture#;0600000873;non;18/12/2024;18/12/2024;;
C000879;Rémi;Colin;#photo, peinture#;0600000874;non;18/12/2024;18/12/2024;;
C000880;Guillaume;Laurent;#photo, peinture#;0600000875;non;18/12/2024;18/12/2024;;
C000881;Rémi;Simon;#photo, peinture#;0600000876;non;18/12/2024;18/12/2024;;
C000882;Julien;Mercier;#photo, peinture#;0600000877;non;18/12/2024;18/12/2024;;
C000883;Emma;Bertrand;#photo, peinture#;0600000878;non;18/12/2024;18/12/2024;;
C000884;Stéphane;Roger;#photo, peinture#;0600000879;non;18/12/2024;18/12/2024;;
C000885;Adrien;Boyer;#photo, peinture#;0600000880;non;18/12/2024;18/12/2024;;
C000886;Antoine;Blanc;#photo, peinture#;0600000881;non;18/12/2024;18/12/2024;;
C000887;Margaux;Denis;#photo, peinture#;0600000882;non;18/12/2024;18/12/2024;;
C000888;Enzo;Jacob;#photo, peinture#;0600000883;non;18/12/2024;18/12/2024;;
C000889;Clémence;Dufour;#photo, peinture#;0600000884;non;18/12/2024;18/12/2024;;
C000890;Marion;Roger;#photo, peinture#;0600000885;non;18/12/2024;18/12/2024;;
C000891;Hugo;Leclerc;#photo, peinture#;0600000886;non;18/12/2024;18/12/2024;;
C000892;Olivier;Lambert;#photo, peinture#;0600000887;non;18/12/2024;18/12/2024;;
C000893;Jonathan;Lebrun;#photo, peinture#;0600000888;non;18/12/2024;18/12/2024;;
C000894;Bastien;Martineau;#photo, peinture#;0600000889;non;18/12/2024;18/12/2024;;
C000895;Maëlys;Robin;#photo, peinture#;0600000890;non;18/12/2024;18/12/2024;;
C000896;Carla;Caron;#photo, peinture#;0600000891;non;18/12/2024;18/12/2024;;
C000897;Amandine;Prevost;#photo, peinture#;0600000892;non;18/12/2024;18/12/2024;;
C000898;Simon;Brunel;#photo, peinture#;0600000893;non;18/12/2024;18/12/2024;;
C000899;Victoria;Lopez;#photo, peinture#;0600000894;non;18/12/2024;18/12/2024;;
C000900;Noémie;Daniel;#photo, peinture#;0600000895;non;18/12/2024;18/12/2024;;
C000901;Gaël;Morel;#photo, peinture#;0600000896;non;18/12/2024;18/12/2024;;
C000902;Stéphane;Pelletier;#photo, peinture#;0600000897;non;18/12/2024;18/12/2024;;
C000903;Robin;Simon;#photo, peinture#;0600000898;non;18/12/2024;18/12/2024;;
C000904;Audrey;Page;#photo, peinture#;0600000899;non;18/12/2024;18/12/2024;;
C000905;Gabriel;Leroy;#photo, peinture#;0600000900;non;18/12/2024;18/12/2024;;
C000906;Quentin;Meyer;#photo, peinture#;0600000901;non;18/12/2024;18/12/2024;;
C000907;Loïc;Laurent;#photo, peinture#;0600000902;non;18/12/2024;18/12/2024;;
C000908;Arnaud;Barbier;#photo, peinture#;0600000903;non;18/12/2024;18/12/2024;;
C000909;Amélie;Girard;#photo, peinture#;0600000904;non;18/12/2024;18/12/2024;;
C000910;Romain;Renard;#photo, peinture#;0600000905;non;18/12/2024;18/12/2024;;
C000911;Jonathan;Fontaine;#photo, peinture#;0600000906;non;18/12/2024;18/12/2024;;
C000912;Corentin;Dupuis;#photo, peinture#;0600000907;non;18/12/2024;18/12/2024;;
C000913;Théo;Gillet;#photo, peinture#;0600000908;non;18/12/2024;18/12/2024;;
C000914;Léa;Lefebvre;#photo, peinture#;0600000909;non;18/12/2024;18/12/2024;;
C000915;Laura;Denis;#photo, peinture#;0600000910;non;18/12/2024;18/12/2024;;
C000916;Juliette;Vidal;#photo, peinture#;0600000911;non;18/12/2024;18/12/2024;;
C000917;Clément;Prevost;#photo, peinture#;0600000912;non;18/12/2024;18/12/2024;;
C000918;Juliette;Dufour;#photo, peinture#;0600000913;non;18/12/2024;18/12/2024;;
C000919;Jonathan;Roger;#photo, peinture#;0600000914;non;18/12/2024;18/12/2024;;
C000920;Benjamin;Dupont;#photo, peinture#;0600000915;non;18/12/2024;18/12/2024;;
C000921;Valentin;Lambert;#photo, peinture#;0600000916;non;18/12/2024;18/12/2024;;
C000922;Romain;Perrot;#photo, peinture#;0600000917;non;18/12/2024;18/12/2024;;
C000923;Corentin;Lefèvre;#photo, peinture#;0600000918;non;18/12/2024;18/12/2024;;
C000924;Pierre;Leroy;#photo, peinture#;0600000919;non;18/12/2024;18/12/2024;;
C000925;Solène;Hubert;#photo, peinture#;0600000920;non;18/12/2024;18/12/2024;;
C000926;Julien;Pires;#photo, peinture#;0600000921;non;18/12/2024;18/12/2024;;
C000927;Manon;Giraud;#photo, peinture#;0600000922;non;18/12/2024;18/12/2024;;
C000928;Jade;Denis;#photo, peinture#;0600000923;non;18/12/2024;18/12/2024;;
C000929;Sophie;Lefèvre;#photo, peinture#;0600000924;non;18/12/2024;18/12/2024;;
C000930;Sophie;Perrot;#photo, peinture#;0600000925;non;18/12/2024;18/12/2024;;
C000931;Jeanne;Simon;#photo, peinture#;0600000926;non;18/12/2024;18/12/2024;;
C000932;Léon;Richard;#photo, peinture#;0600000927;non;18/12/2024;18/12/2024;;
C000933;Maëlys;Martinez;#photo, peinture#;0600000928;non;18/12/2024;18/12/2024;;
C000934;Sonia;Alexandre;#photo, peinture#;0600000929;non;18/12/2024;18/12/2024;;
C000935;Carla;Robert;#photo, peinture#;0600000930;non;18/12/2024;18/12/2024;;
C000936;Emma;Martinez;#photo, peinture#;0600000931;non;18/12/2024;18/12/2024;;
C000937;Raphaël;Blanc;#photo, peinture#;0600000932;non;18/12/2024;18/12/2024;;
C000938;Antoine;Dubois;#photo, peinture#;0600000933;non;18/12/2024;18/12/2024;;
C000939;Arnaud;Carpentier;#photo, peinture#;0600000934;non;18/12/2024;18/12/2024;;
C000940;Fabien;Giraud;#photo, peinture#;0600000935;non;18/12/2024;18/12/2024;;
C000941;Valentin;Carpentier;#photo, peinture#;0600000936;non;18/12/2024;18/12/2024;;
C000942;Enzo;Roux;#photo, peinture#;0600000937;non;18/12/2024;18/12/2024;;
C000943;Anouk;Jacob;#photo, peinture#;0600000938;non;18/12/2024;18/12/2024;;
C000944;Léo;David;#photo, peinture#;0600000939;non;18/12/2024;18/12/2024;;
C000945;Amandine;Michel;#photo, peinture#;0600000940;non;18/12/2024;18/12/2024;;
C000946;Clara;Daniel;#photo, peinture#;0600000941;non;18/12/2024;18/12/2024;;
C000947;Maxime;Vincent;#photo, peinture#;0600000942;non;18/12/2024;18/12/2024;;
C000948;Alice;Lefebvre;#photo, peinture#;0600000943;non;18/12/2024;18/12/2024;;
C000949;Clémence;Monnier;#photo, peinture#;0600000944;non;18/12/2024;18/12/2024;;
C000950;Guillaume;Roux;#photo, peinture#;0600000945;non;18/12/2024;18/12/2024;;
C000951;Louis;Philippe;#photo, peinture#;0600000946;non;18/12/2024;18/12/2024;;
C000952;Valentin;Bertrand;#photo, peinture#;0600000947;non;18/12/2024;18/12/2024;;
C000953;David;Jacob;#photo, peinture#;0600000948;non;18/12/2024;18/12/2024;;
C000954;Charlotte;Bouvier;#photo, peinture#;0600000949;non;18/12/2024;18/12/2024;;
C000955;Quentin;Marchand;#photo, peinture#;0600000950;non;18/12/2024;18/12/2024;;
C000956;Stéphane;Hubert;#photo, peinture#;0600000951;non;18/12/2024;18/12/2024;;
C000957;Maëlys;Lebrun;#photo, peinture#;0600000952;non;18/12/2024;18/12/2024;;
C000958;Nathan;André;#photo, peinture#;0600000953;non;18/12/2024;18/12/2024;;
C000959;Emma;Colin;#photo, peinture#;0600000954;non;18/12/2024;18/12/2024;;
C000960;Emma;Hubert;#photo, peinture#;0600000955;non;18/12/2024;18/12/2024;;
C000961;Romane;Dubois;#photo, peinture#;0600000956;non;18/12/2024;18/12/2024;;
C000962;Mélanie;Caron;#photo, peinture#;0600000957;non;18/12/2024;18/12/2024;;
C000963;Noémie;Dupont;#photo, peinture#;0600000958;non;18/12/2024;18/12/2024;;
C000964;Amandine;Faure;#photo, peinture#;0600000959;non;18/12/2024;18/12/2024;;
C000965;Tristan;Thomas;#photo, peinture#;0600000960;non;18/12/2024;18/12/2024;;
C000966;Carla;Perrin;#photo, peinture#;0600000961;non;18/12/2024;18/12/2024;;
C000967;Jade;Hubert;#photo, peinture#;0600000962;non;18/12/2024;18/12/2024;;
C000968;Martin;Thomas;#photo, peinture#;0600000963;non;18/12/2024;18/12/2024;;
C000969;Baptiste;Fontaine;#photo, peinture#;0600000964;non;18/12/2024;18/12/2024;;
C000970;Kevin;Prevost;#photo, peinture#;0600000965;non;18/12/2024;18/12/2024;;
C000971;Léa;Blanchard;#photo, peinture#;0600000966;non;18/12/2024;18/12/2024;;
C000972;Audrey;Charles;#photo, peinture#;0600000967;non;18/12/2024;18/12/2024;;
C000973;Félix;Bouvier;#photo, peinture#;0600000968;non;18/12/2024;18/12/2024;;
C000974;Tom;Dufour;#photo, peinture#;0600000969;non;18/12/2024;18/12/2024;;
C000975;Jérémy;Prevost;#photo, peinture#;0600000970;non;18/12/2024;18/12/2024;;
C000976;Romain;Bonnet;#photo, peinture#;0600000971;non;18/12/2024;18/12/2024;;
C000977;Florian;Carpentier;#photo, peinture#;0600000972;non;18/12/2024;18/12/2024;;
C000978;Maëlle;Simon;#photo, peinture#;0600000973;non;18/12/2024;18/12/2024;;
C000979;Sandra;Foucher;#photo, peinture#;0600000974;non;18/12/2024;18/12/2024;;
C000980;Timéo;Durand;#photo, peinture#;0600000975;non;18/12/2024;18/12/2024;;
C000981;Mathéo;Boyer;#photo, peinture#;0600000976;non;18/12/2024;18/12/2024;;
C000982;Lucas;Michel;#photo, peinture#;0600000977;non;18/12/2024;18/12/2024;;
C000983;Carla;Gautier;#photo, peinture#;0600000978;non;18/12/2024;18/12/2024;;
C000984;Hugo;Fournier;#photo, peinture#;0600000979;non;18/12/2024;18/12/2024;;
C000985;David;Fernandez;#photo, peinture#;0600000980;non;18/12/2024;18/12/2024;;
C000986;Adrien;Leroy;#photo, peinture#;0600000981;non;18/12/2024;18/12/2024;;
C000987;Yann;Meyer;#photo, peinture#;0600000982;non;18/12/2024;18/12/2024;;
C000988;Tristan;Monnier;#photo, peinture#;0600000983;non;18/12/2024;18/12/2024;;
C000989;Baptiste;Perrot;#photo, peinture#;0600000984;non;18/12/2024;18/12/2024;;
C000990;Adrien;Mercier;#photo, peinture#;0600000985;non;18/12/2024;18/12/2024;;
C000991;Nicolas;Rousseau;#photo, peinture#;0600000986;non;18/12/2024;18/12/2024;;
C000992;Mélanie;Fernandez;#photo, peinture#;0600000987;non;18/12/2024;18/12/2024;;
C000993;Sarah;Caron;#photo, peinture#;0600000988;non;18/12/2024;18/12/2024;;
C000994;Mélanie;Fontaine;#photo, peinture#;0600000989;non;18/12/2024;18/12/2024;;
C000995;Hugo;Jacob;#photo, peinture#;0600000990;non;18/12/2024;18/12/2024;;
C000996;Victoria;Alexandre;#photo, peinture#;0600000991;non;18/12/2024;18/12/2024;;
C000997;Sophie;Marchand;#photo, peinture#;0600000992;non;18/12/2024;18/12/2024;;
C000998;Jeanne;Petit;#photo, peinture#;0600000993;non;18/12/2024;18/12/2024;;
C000999;Gaël;Boyer;#photo, peinture#;0600000994;non;18/12/2024;18/12/2024;;
C001000;Corentin;Charles;#photo, peinture#;0600000995;non;18/12/2024;18/12/2024;;
C001001;Élodie;Martineau;#photo, peinture#;0600000996;non;18/12/2024;18/12/2024;;
C001002;Baptiste;André;#photo, peinture#;0600000997;non;18/12/2024;18/12/2024;;
C001003;Tom;Bouvier;#photo, peinture#;0600000998;non;18/12/2024;18/12/2024;;
C001004;Léo;Giraud;#photo, peinture#;0600000999;non;18/12/2024;18/12/2024;;
C001005;Martin;Michel;#photo, peinture#;0600001000;non;18/12/2024;18/12/2024;;
C001006;Romane;Gillet;#photo, peinture#;0600001001;non;18/12/2024;18/12/2024;;
C001007;Léon;Fernandez;#photo, peinture#;0600001002;non;18/12/2024;18/12/2024;;
C001008;Emma;Garnier;#photo, peinture#;0600001003;non;18/12/2024;18/12/2024;;
C001009;Noé;Payet;#photo, peinture#;0600001004;non;18/12/2024;18/12/2024;;
C001010;David;Payet;#photo, peinture#;0600001005;non;18/12/2024;18/12/2024;;
